schneeweiß	Орёл	Cougar	1002
QtUYjnrt89--1q	Löffelente	Cougar	1005
xz--21jr	löffelente	Cheetah	1001
12345678917	löffelente	asiatic lion	1001
QtUYjnrt89--w	Pipit de Godlewski	Cheetah	1001
xz--21jg	Silbón Europeo	Asiatic Cheetah	1001
Grünspan	Macreuse à bec jaune	Asiatic Cheetah	1002
Lion	Macreuse à bec jaune	Leopard	1001
John Steinbeck	Pipit de Godlewski	Asiatic Lion	1001
kohlrabenschwarz	löffelente	Clouded Leopard	1003
QtUYjnrt89--ab	Pipit de Godlewski	leopard	1003
QtUYjnrt89--e	Marreca-cabocla	Clouded Leopard	1005
silbón Europeo	Pipit de Godlewski	MOUNTAIN LION	1001
SCHNEEWEISS	LÖFFELENTE	COUGAR	1004
Gulf Fritillary	LÖFFELENTE	MOUNTAIN LION	1003
clouded Leopard	Araqua-pintado	Asiatic Lion	1003
THE Grapes of Wrath	Macreuse à bec jaune	Mountain Lion	1002
12345678914	Pipit de Godlewski	Mountain Lion	1003
QtUYjnrt89--k	Löffelente	Cougar	1002
Cerise	Marreca-cabocla	MOUNTAIN LION	1002
QtUYjnrt89--b.	Macreuse à bec jaune	Asiatic Lion	1005
QtUYjnrt89--4	Орёл	Clouded Leopard	1001
100003	Macreuse à bec jaune	Asiatic Cheetah	1002
EDITH'S Checkerspot	Орёл	COUGAR	1001
xz--21jt	Pipit de Godlewski	Cheetah	1001
orange Sulphur	Лебедь	Asiatic Lion	1004
GULF Fritillary	Macreuse à bec jaune	asiatic lion	1003
WILLIAM Peter Blatty	Araqua-pintado	leopard	1001
SNOW Leopard	Pipit de Godlewski	leopard	1003
SILBÓN Europeo	löffelente	Asiatic Lion	1001
Macreuse à bec jaune	Pipit de Godlewski	Cheetah	1004
JOHN Steinbeck	Macreuse à bec jaune	Cheetah	1003
QtUYjnrt89--n	Pipit de Godlewski	Leopard	1005
白湯	Орёл	Cheetah	1002
silbón Europeo	Лебедь	Mountain Lion	1003
Sooty Copper	Лебедь	Cheetah	1005
黄枯茶	Лебедь	Leopard	1002
Leopard	Macreuse à bec jaune	Cheetah	1004
12345678908	Araqua-pintado	Mountain Lion	1002
kohlrabenschwarz	Marreca-cabocla	COUGAR	1002
ababCDEF	Araqua-pintado	leopard	1004
CLOUDED Leopard	Araqua-pintado	Cheetah	1002
the Mark of Zorro	Löffelente	Leopard	1001
9	löffelente	Mountain Lion	1003
QtUYjnrt89--z7	Орёл	MOUNTAIN LION	1001
ababCDEF	Pipit de Godlewski	leopard	1005
GULF Fritillary	löffelente	Clouded Leopard	1005
MACREUSE à bec jaune	Лебедь	Clouded Leopard	1001
PUFFIN des Baléares	Araqua-pintado	Cheetah	1003
Malvasía Cabeciblanca	Löffelente	Cougar	1002
QtUYjnrt89--eh	LÖFFELENTE	Clouded Leopard	1001
QtUYjnrt89--4i	LÖFFELENTE	MOUNTAIN LION	1001
Orange Sulphur	löffelente	Mountain Lion	1002
QtUYjnrt89--b	LÖFFELENTE	Leopard	1002
QtUYjnrt89--o	Silbón Europeo	Leopard	1005
QtUYjnrt89--3	Pipit de Godlewski	Cougar	1002
QtUYjnrt89--6	Орёл	asiatic lion	1002
12345678914	Löffelente	Leopard	1005
濡れ羽色	löffelente	Mountain Lion	1002
Gulf Fritillary	Silbón Europeo	asiatic lion	1004
Jaguar	Macreuse à bec jaune	MOUNTAIN LION	1001
PEACOCK Butterfly	Лебедь	Cougar	1004
xz--21j3	Löffelente	Mountain Lion	1002
john Steinbeck	Marreca-cabocla	Cheetah	1003
SILBÓN Europeo	Pipit de Godlewski	COUGAR	1001
TÜPFELSUMPFHUHN	Araqua-pintado	Asiatic Lion	1001
xz--21jl	LÖFFELENTE	MOUNTAIN LION	1003
QtUYjnrt89--7	Pipit de Godlewski	asiatic lion	1001
jaguar	Pipit de Godlewski	Mountain Lion	1005
Pipit de Godlewski	Macreuse à bec jaune	asiatic lion	1002
12345678903	Marreca-cabocla	Mountain Lion	1002
edith's Copper	Macreuse à bec jaune	Cheetah	1003
QtUYjnrt89--6	Macreuse à bec jaune	Cheetah	1001
TÜPFELSUMPFHUHN	Лебедь	Mountain Lion	1003
puffin des Baléares	löffelente	Asiatic Cheetah	1004
QtUYjnrt89--h	Лебедь	Cougar	1005
QtUYjnrt89--k	Marreca-cabocla	leopard	1004
Araqua-pintado	Pipit de Godlewski	asiatic lion	1001
QtUYjnrt89--k	Macreuse à bec jaune	leopard	1002
QtUYjnrt89--d	Орёл	COUGAR	1002
QtUYjnrt89--a	Löffelente	Cheetah	1004
fumée	LÖFFELENTE	Asiatic Cheetah	1002
AAAAA	Marreca-cabocla	Asiatic Lion	1001
серый	Silbón Europeo	Clouded Leopard	1004
12345678904	Pipit de Godlewski	MOUNTAIN LION	1002
pechschwarz	LÖFFELENTE	Cougar	1003
marreca-cabocla	Pipit de Godlewski	asiatic lion	1001
QtUYjnrt89--1q	Macreuse à bec jaune	asiatic lion	1002
xz--21js	Pipit de Godlewski	Asiatic Cheetah	1005
QtUYjnrt89--e	Pipit de Godlewski	Asiatic Cheetah	1004
濡れ羽色	löffelente	Cheetah	1005
Edith's Copper	Pipit de Godlewski	Asiatic Cheetah	1002
Clouded Leopard	Löffelente	Mountain Lion	1005
QtUYjnrt89--dm	Орёл	MOUNTAIN LION	1002
PORRÓN Islándico	Pipit de Godlewski	Clouded Leopard	1001
THE Grapes of Wrath	Pipit de Godlewski	Mountain Lion	1003
QtUYjnrt89--uz	Pipit de Godlewski	Cheetah	1002
QtUYjnrt89--3	Лебедь	Cheetah	1001
100002	löffelente	asiatic lion	1005
QtUYjnrt89--ab	Löffelente	Asiatic Cheetah	1002
QtUYjnrt89--k	Лебедь	COUGAR	1001
SNOW Leopard	Лебедь	Mountain Lion	1002
6	Silbón Europeo	Asiatic Cheetah	1002
Macreuse à bec jaune	LÖFFELENTE	Clouded Leopard	1005
QtUYjnrt89--x8	Silbón Europeo	asiatic lion	1003
QtUYjnrt89--j	Pipit de Godlewski	MOUNTAIN LION	1003
QtUYjnrt89--2	Löffelente	Mountain Lion	1003
ORANGE Sulphur	löffelente	Asiatic Cheetah	1003
100009	Pipit de Godlewski	Mountain Lion	1001
INDRA Swallowtail	Pipit de Godlewski	Leopard	1002
Grünspan	Löffelente	leopard	1001
TÜPFELSUMPFHUHN	LÖFFELENTE	Asiatic Cheetah	1001
QtUYjnrt89--f	Marreca-cabocla	Leopard	1002
暗紅色/暗赤色	Araqua-pintado	Cheetah	1001
QtUYjnrt89--4i	LÖFFELENTE	Leopard	1003
Cerise	LÖFFELENTE	Clouded Leopard	1002
QtUYjnrt89--tk	Silbón Europeo	Leopard	1002
Weißwangengans	Macreuse à bec jaune	COUGAR	1004
Indra Swallowtail	Pipit de Godlewski	Cheetah	1004
暗紅色/暗赤色	Орёл	leopard	1001
QtUYjnrt89--1q	LÖFFELENTE	Cheetah	1005
QtUYjnrt89--v	Araqua-pintado	Clouded Leopard	1001
QtUYjnrt89--o	LÖFFELENTE	Cougar	1002
TÜPFELSUMPFHUHN	Орёл	leopard	1004
QtUYjnrt89--k5	Лебедь	COUGAR	1004
schneeweiß	LÖFFELENTE	asiatic lion	1001
PORRÓN Islándico	Pipit de Godlewski	leopard	1002
Alfalfa Butterfly	Pipit de Godlewski	MOUNTAIN LION	1003
SNOW Leopard	Marreca-cabocla	asiatic lion	1003
Peacock Butterfly	Pipit de Godlewski	Cheetah	1001
the Mark of Zorro	Pipit de Godlewski	leopard	1005
gulf Fritillary	Silbón Europeo	leopard	1005
QtUYjnrt89--k5	Pipit de Godlewski	leopard	1001
THE Mark of Zorro	Marreca-cabocla	Cougar	1001
QtUYjnrt89--yl	löffelente	Cheetah	1002
xz--21jg	Macreuse à bec jaune	Cougar	1004
xz--21jx	Лебедь	Cheetah	1002
QtUYjnrt89--9d	Pipit de Godlewski	asiatic lion	1002
PECHSCHWARZ	LÖFFELENTE	Asiatic Lion	1001
gray-Veined White	Silbón Europeo	asiatic lion	1005
xz--21j4	Marreca-cabocla	Cheetah	1003
Ababcdef	Pipit de Godlewski	Leopard	1002
Leopard	Araqua-pintado	asiatic lion	1005
xz--21j9	Орёл	Clouded Leopard	1005
ababCDEF	Araqua-pintado	MOUNTAIN LION	1003
macreuse à bec jaune	Marreca-cabocla	Clouded Leopard	1003
100002	Marreca-cabocla	Clouded Leopard	1001
QtUYjnrt89--z	Pipit de Godlewski	MOUNTAIN LION	1005
SILBÓN Europeo	Marreca-cabocla	Cheetah	1004
QtUYjnrt89--sn	Pipit de Godlewski	COUGAR	1005
Porrón Islándico	Pipit de Godlewski	Cheetah	1004
GULF Fritillary	Macreuse à bec jaune	asiatic lion	1001
12345678908	LÖFFELENTE	Leopard	1003
12345678909	Орёл	Cheetah	1004
12345678901	LÖFFELENTE	Cheetah	1002
Ringle	Marreca-cabocla	Clouded Leopard	1005
SILBÓN Europeo	Silbón Europeo	leopard	1005
QtUYjnrt89--n/	Pipit de Godlewski	MOUNTAIN LION	1005
Cerise	Орёл	Asiatic Cheetah	1002
12345678900	Орёл	Cheetah	1005
xz--21j3	Pipit de Godlewski	Leopard	1001
edith's Copper	Marreca-cabocla	Cheetah	1003
BEHR'S Hairstreak	Орёл	Mountain Lion	1004
icarioides Blue	Pipit de Godlewski	COUGAR	1005
The Godfather	Löffelente	Clouded Leopard	1003
QtUYjnrt89--h3	Орёл	Clouded Leopard	1005
sooty Copper	Marreca-cabocla	Asiatic Cheetah	1002
9	Орёл	leopard	1001
Indra Swallowtail	Pipit de Godlewski	Mountain Lion	1005
QtUYjnrt89--n	Pipit de Godlewski	COUGAR	1003
QtUYjnrt89--x	Лебедь	Clouded Leopard	1003
AAAAA	Pipit de Godlewski	Cheetah	1005
QtUYjnrt89--dm	Pipit de Godlewski	asiatic lion	1002
gulf Fritillary	Лебедь	Cheetah	1004
schneeweiß	Marreca-cabocla	leopard	1002
QtUYjnrt89--c9	Лебедь	MOUNTAIN LION	1002
濡れ羽色	löffelente	leopard	1001
QtUYjnrt89--d	Marreca-cabocla	Cheetah	1001
Cougar	Löffelente	Asiatic Lion	1004
QtUYjnrt89--i	Лебедь	Cheetah	1005
xz--21j8	Silbón Europeo	Leopard	1004
COUGAR	LÖFFELENTE	Clouded Leopard	1001
Porrón Islándico	LÖFFELENTE	Mountain Lion	1003
9	Pipit de Godlewski	Mountain Lion	1002
TÜRKIS	LÖFFELENTE	Cheetah	1005
arctic Skipper	Лебедь	Clouded Leopard	1003
暗紅色/暗赤色	löffelente	Cheetah	1001
GULF Fritillary	Marreca-cabocla	leopard	1002
12345678918	Macreuse à bec jaune	Asiatic Cheetah	1001
QtUYjnrt89--k5	Araqua-pintado	Cheetah	1002
12345678910	Marreca-cabocla	Asiatic Cheetah	1001
asiatic Cheetah,	LÖFFELENTE	Asiatic Cheetah	1001
xz--21j3	Pipit de Godlewski	Cheetah	1001
puffin des Baléares	LÖFFELENTE	leopard	1001
QtUYjnrt89--5o	LÖFFELENTE	Clouded Leopard	1005
icarioides Blue	LÖFFELENTE	MOUNTAIN LION	1002
QtUYjnrt89--w	Pipit de Godlewski	Clouded Leopard	1004
arctic Skipper	Silbón Europeo	Cougar	1002
白湯	Лебедь	Leopard	1002
schneeweiß	Marreca-cabocla	Cougar	1002
暗紅色/暗赤色	Araqua-pintado	Leopard	1005
weißwangengans	Pipit de Godlewski	Cheetah	1005
QtUYjnrt89--8s	Silbón Europeo	Clouded Leopard	1001
ЛЕБЕДЬ	Pipit de Godlewski	Asiatic Lion	1001
Marreca-cabocla	LÖFFELENTE	MOUNTAIN LION	1003
sooty Copper	Pipit de Godlewski	Cheetah	1001
xz--21ju	Pipit de Godlewski	asiatic lion	1005
xz--21jl	Pipit de Godlewski	Clouded Leopard	1005
The Grapes of Wrath	Marreca-cabocla	asiatic lion	1005
9	Macreuse à bec jaune	Clouded Leopard	1003
xz--21jk	Pipit de Godlewski	leopard	1005
Silbón Europeo	Silbón Europeo	Cheetah	1001
peacock Butterfly	Silbón Europeo	Clouded Leopard	1003
12345678919	Araqua-pintado	Cheetah	1001
porrón Islándico	Орёл	Asiatic Lion	1001
BEHR'S Hairstreak	Pipit de Godlewski	Mountain Lion	1004
AAAAA	Pipit de Godlewski	asiatic lion	1004
QtUYjnrt89--1	Silbón Europeo	Clouded Leopard	1002
clouded Leopard	Silbón Europeo	MOUNTAIN LION	1005
ababCDEF	LÖFFELENTE	Leopard	1001
william Peter Blatty	Araqua-pintado	MOUNTAIN LION	1005
QtUYjnrt89--k5	Pipit de Godlewski	Cheetah	1002
QtUYjnrt89--a	Marreca-cabocla	asiatic lion	1001
araqua-pintado	Silbón Europeo	Asiatic Cheetah	1002
Marreca-cabocla	löffelente	Cougar	1003
12345678919	Pipit de Godlewski	Clouded Leopard	1004
weißwangengans	Marreca-cabocla	Cheetah	1004
QtUYjnrt89--v	Pipit de Godlewski	leopard	1001
Ringle	LÖFFELENTE	Cheetah	1002
QtUYjnrt89--s	Löffelente	Cougar	1001
濡れ羽色	Macreuse à bec jaune	COUGAR	1003
100002	Орёл	asiatic lion	1001
黄枯茶	Löffelente	leopard	1002
martin Handford	Pipit de Godlewski	Clouded Leopard	1002
Ababcdef	Pipit de Godlewski	Cougar	1003
Pipit de Godlewski	Marreca-cabocla	leopard	1002
xz--21jabcde	Araqua-pintado	Mountain Lion	1001
QtUYjnrt89--k	LÖFFELENTE	Asiatic Lion	1003
xz--21j8	Araqua-pintado	leopard	1002
QtUYjnrt89--9	Macreuse à bec jaune	COUGAR	1002
QtUYjnrt89--g	Löffelente	Mountain Lion	1001
Ababcdef	Pipit de Godlewski	leopard	1004
JAGUAR	Pipit de Godlewski	Cheetah	1004
QtUYjnrt89--e	Macreuse à bec jaune	Asiatic Lion	1005
peacock Butterfly	Pipit de Godlewski	Cheetah	1003
100008	Pipit de Godlewski	leopard	1003
Macreuse à bec jaune	Marreca-cabocla	asiatic lion	1004
jaguar	Marreca-cabocla	Leopard	1002
weißwangengans	Silbón Europeo	MOUNTAIN LION	1004
QtUYjnrt89--eh	Marreca-cabocla	Cheetah	1004
SOOTY Copper	Araqua-pintado	leopard	1003
ARAQUA-pintado	LÖFFELENTE	Mountain Lion	1001
QtUYjnrt89--m	Pipit de Godlewski	MOUNTAIN LION	1002
DAINTY Sulphur	Araqua-pintado	MOUNTAIN LION	1002
ARAQUA-pintado	Лебедь	Mountain Lion	1001
ALFALFA Butterfly	Marreca-cabocla	Cougar	1002
QtUYjnrt89--a	Löffelente	Asiatic Cheetah	1001
濡れ羽色	Pipit de Godlewski	Cougar	1001
QtUYjnrt89--6	Silbón Europeo	Asiatic Lion	1001
dorado	Löffelente	MOUNTAIN LION	1003
tüpfelsumpfhuhn	Silbón Europeo	COUGAR	1001
QtUYjnrt89--5	Орёл	Mountain Lion	1002
Cougar	Araqua-pintado	Cougar	1004
TÜPFELSUMPFHUHN	Лебедь	Asiatic Cheetah	1003
macreuse à bec jaune	Pipit de Godlewski	Cheetah	1002
8	Araqua-pintado	Mountain Lion	1003
Martin Handford	LÖFFELENTE	Asiatic Cheetah	1001
xz--21jpq	Pipit de Godlewski	Mountain Lion	1002
TÜPFELSUMPFHUHN	Löffelente	Cougar	1003
xz--21j5	Pipit de Godlewski	Mountain Lion	1003
12345678906	Macreuse à bec jaune	asiatic lion	1001
Arctic Skipper	Marreca-cabocla	Leopard	1003
жёлтый	Silbón Europeo	Cheetah	1002
snow Leopard	Pipit de Godlewski	Cougar	1002
白湯	Pipit de Godlewski	Cougar	1005
JOHN Steinbeck	Pipit de Godlewski	Cheetah	1004
gulf Fritillary	LÖFFELENTE	COUGAR	1001
QtUYjnrt89--k5	löffelente	Asiatic Cheetah	1001
MALVASÍA Cabeciblanca	Pipit de Godlewski	Asiatic Cheetah	1005
schneeweiß	Pipit de Godlewski	Mountain Lion	1002
QtUYjnrt89--s	Лебедь	Cheetah	1002
kohlrabenschwarz	Pipit de Godlewski	Cheetah	1001
john Steinbeck	Pipit de Godlewski	Clouded Leopard	1002
xz--21j9	Marreca-cabocla	asiatic lion	1002
QtUYjnrt89--rj	Silbón Europeo	Clouded Leopard	1004
orange Sulphur	Macreuse à bec jaune	MOUNTAIN LION	1003
Pine White	Marreca-cabocla	asiatic lion	1002
martin Handford	Орёл	COUGAR	1001
the Grapes of Wrath	löffelente	MOUNTAIN LION	1005
Macreuse à bec jaune	Araqua-pintado	Cheetah	1004
QtUYjnrt89--p	Araqua-pintado	leopard	1004
12345678918	Marreca-cabocla	Leopard	1002
QtUYjnrt89--1q	Орёл	MOUNTAIN LION	1002
Holly Blue	Macreuse à bec jaune	Clouded Leopard	1005
QtUYjnrt89--5o	Araqua-pintado	Cheetah	1005
QtUYjnrt89--9	Macreuse à bec jaune	Cheetah	1002
Cougar	LÖFFELENTE	COUGAR	1002
xz--21j67	Macreuse à bec jaune	Asiatic Cheetah	1002
QtUYjnrt89--pv	LÖFFELENTE	asiatic lion	1005
orange Sulphur	Pipit de Godlewski	Clouded Leopard	1004
macreuse à bec jaune	Marreca-cabocla	MOUNTAIN LION	1003
QtUYjnrt89--b	Marreca-cabocla	Mountain Lion	1002
SCHNEEWEISS	löffelente	Clouded Leopard	1004
The Mark of Zorro	Pipit de Godlewski	Cougar	1003
Snow Leopard	LÖFFELENTE	MOUNTAIN LION	1003
QtUYjnrt89--a	Araqua-pintado	Cheetah	1002
QtUYjnrt89--6p	Löffelente	Mountain Lion	1005
Indra Swallowtail	Орёл	asiatic lion	1004
QtUYjnrt89--ix	Pipit de Godlewski	Asiatic Lion	1003
QtUYjnrt89--2	Pipit de Godlewski	Cheetah	1004
schneeweiß	Pipit de Godlewski	Asiatic Lion	1001
silbón Europeo	Pipit de Godlewski	Asiatic Cheetah	1001
Silbón Europeo	Pipit de Godlewski	Clouded Leopard	1003
12345678912	Silbón Europeo	COUGAR	1001
100006	Löffelente	Asiatic Cheetah	1003
QtUYjnrt89--c	Silbón Europeo	Cougar	1005
黄枯茶	löffelente	Asiatic Cheetah	1003
QtUYjnrt89--tk	löffelente	Asiatic Cheetah	1001
QtUYjnrt89--y	Araqua-pintado	Leopard	1002
xz--21j1	Löffelente	leopard	1003
william Peter Blatty	Marreca-cabocla	Cougar	1003
QtUYjnrt89--n/	Löffelente	COUGAR	1001
William Peter Blatty	Marreca-cabocla	Cheetah	1002
12345678900	Pipit de Godlewski	Asiatic Lion	1002
SNOW Leopard	löffelente	Cheetah	1002
QtUYjnrt89--1q	löffelente	Cheetah	1003
SOOTY Copper	löffelente	Clouded Leopard	1003
GULF Fritillary	Pipit de Godlewski	Cheetah	1003
EDITH'S Checkerspot	Araqua-pintado	MOUNTAIN LION	1003
黄枯茶	Лебедь	Asiatic Lion	1001
QtUYjnrt89--f	Pipit de Godlewski	COUGAR	1002
SOOTY Copper	Орёл	Cougar	1005
TÜPFELSUMPFHUHN	LÖFFELENTE	Cheetah	1004
ababCDEF	Pipit de Godlewski	Leopard	1001
SOOTY Copper	Marreca-cabocla	COUGAR	1002
QtUYjnrt89--3	Macreuse à bec jaune	Asiatic Cheetah	1002
ABABCDEF	Silbón Europeo	Cheetah	1001
6	Pipit de Godlewski	Cougar	1005
xz--21jo	Pipit de Godlewski	Leopard	1002
xz--21jm	Лебедь	Leopard	1004
Gulf Fritillary	Macreuse à bec jaune	Cheetah	1003
Icarioides Blue	Marreca-cabocla	Asiatic Cheetah	1001
orange Sulphur	Silbón Europeo	Asiatic Cheetah	1003
QtUYjnrt89--y	LÖFFELENTE	Cheetah	1002
Ringle	Орёл	Clouded Leopard	1001
СЕРЫЙ	Pipit de Godlewski	Clouded Leopard	1001
QtUYjnrt89--m;	Лебедь	MOUNTAIN LION	1001
QtUYjnrt89--x8	Silbón Europeo	Mountain Lion	1005
100002	Лебедь	Asiatic Lion	1001
INDRA Swallowtail	Marreca-cabocla	Asiatic Lion	1004
Puffin des Baléares	Лебедь	Cheetah	1001
Leopard	Silbón Europeo	Asiatic Lion	1003
porrón Islándico	Macreuse à bec jaune	Asiatic Cheetah	1002
QtUYjnrt89--g	Araqua-pintado	asiatic lion	1002
白湯	Лебедь	Clouded Leopard	1002
Alfalfa Butterfly	Silbón Europeo	asiatic lion	1004
JOHN Steinbeck	Pipit de Godlewski	Asiatic Lion	1005
серый	Löffelente	Leopard	1001
QtUYjnrt89--1q	Macreuse à bec jaune	asiatic lion	1002
Porrón Islándico	Pipit de Godlewski	Cougar	1002
QtUYjnrt89--b	Löffelente	Cougar	1002
12345678902	Pipit de Godlewski	Cougar	1001
Pipit de Godlewsk	Лебедь	Leopard	1005
4	löffelente	MOUNTAIN LION	1005
Dune	Pipit de Godlewski	Cheetah	1002
12345678920	Araqua-pintado	asiatic lion	1003
schneeweiß	Орёл	Cheetah	1005
GULF Fritillary	Лебедь	Asiatic Cheetah	1005
濡れ羽色	Löffelente	Mountain Lion	1001
EDITH'S Checkerspot	Лебедь	Cheetah	1001
icarioides Blue	Pipit de Godlewski	MOUNTAIN LION	1003
QtUYjnrt89--3rtyu	löffelente	Clouded Leopard	1001
xz--21j9	Marreca-cabocla	Cheetah	1004
QtUYjnrt89--q	Pipit de Godlewski	MOUNTAIN LION	1002
QtUYjnrt89--t	Pipit de Godlewski	Cheetah	1005
100009	Marreca-cabocla	leopard	1001
xz--21j9	Macreuse à bec jaune	leopard	1001
Indra Swallowtail	Löffelente	asiatic lion	1001
xz--21jl	Marreca-cabocla	Asiatic Lion	1004
QtUYjnrt89--1	Marreca-cabocla	Leopard	1004
William Peter Blatty	Silbón Europeo	Mountain Lion	1004
Gulf Fritillary	Лебедь	Asiatic Lion	1003
12345678915	Löffelente	Cheetah	1004
MACREUSE à bec jaune	Marreca-cabocla	leopard	1001
QtUYjnrt89--x	Araqua-pintado	Mountain Lion	1003
Silbón Europeo	Pipit de Godlewski	Clouded Leopard	1001
Marreca-cabocla	löffelente	leopard	1001
jaguar	Silbón Europeo	Mountain Lion	1001
pipit de Godlewski	Macreuse à bec jaune	Cheetah	1005
QtUYjnrt89--5o	Macreuse à bec jaune	Cheetah	1003
12345678910	Орёл	Cougar	1001
GRÜNSPAN	Macreuse à bec jaune	Asiatic Cheetah	1004
xz--21jj	Pipit de Godlewski	Asiatic Cheetah	1005
6	Pipit de Godlewski	Asiatic Cheetah	1005
QtUYjnrt89--1q	Pipit de Godlewski	asiatic lion	1001
ASIATIC Cheetah,	Орёл	COUGAR	1005
john Steinbeck	Pipit de Godlewski	COUGAR	1002
the Mark of Zorro	Silbón Europeo	COUGAR	1005
QtUYjnrt89--wg	Лебедь	asiatic lion	1002
PEACOCK Butterfly	Pipit de Godlewski	Mountain Lion	1001
edith's Copper	Pipit de Godlewski	Clouded Leopard	1004
LION	Орёл	Cougar	1001
TÜRKIS	Löffelente	Asiatic Lion	1003
Marreca-cabocla	Орёл	leopard	1002
schneeweiß	löffelente	Asiatic Cheetah	1003
türkis	Pipit de Godlewski	Mountain Lion	1002
QtUYjnrt89--ix	LÖFFELENTE	Clouded Leopard	1002
12345678911	Pipit de Godlewski	leopard	1001
QtUYjnrt89--z7	Macreuse à bec jaune	asiatic lion	1003
ARAQUA-pintado	löffelente	Asiatic Lion	1003
QtUYjnrt89--a	Орёл	Clouded Leopard	1001
The Godfather	Лебедь	MOUNTAIN LION	1001
QtUYjnrt89--a	Araqua-pintado	MOUNTAIN LION	1001
Macreuse à bec jaune	LÖFFELENTE	COUGAR	1005
QtUYjnrt89--w	Pipit de Godlewski	leopard	1002
Icarioides Blue	Silbón Europeo	Asiatic Lion	1001
12345678912	Орёл	Cheetah	1002
12345678900	Лебедь	Leopard	1001
濡れ羽色	Pipit de Godlewski	Asiatic Lion	1005
silbón Europeo	Лебедь	Asiatic Lion	1001
marreca-cabocla	löffelente	leopard	1001
黄枯茶	Орёл	Asiatic Lion	1002
Gulf Fritillary	Лебедь	Asiatic Lion	1004
100009	Pipit de Godlewski	MOUNTAIN LION	1002
12345678912	Pipit de Godlewski	Leopard	1002
QtUYjnrt89--yl	Araqua-pintado	Cougar	1004
7	Marreca-cabocla	Mountain Lion	1004
QtUYjnrt89--d	Pipit de Godlewski	Cheetah	1004
WILLIAM Peter Blatty	Pipit de Godlewski	Leopard	1004
Peacock Butterfly	Pipit de Godlewski	Asiatic Cheetah	1002
silbón Europeo	Silbón Europeo	asiatic lion	1003
türkis	Araqua-pintado	Cheetah	1003
MARTIN Handford	Silbón Europeo	Clouded Leopard	1004
xz--21jk	LÖFFELENTE	Leopard	1002
100007	löffelente	Asiatic Lion	1004
GULF Fritillary	löffelente	Leopard	1004
GRÜNSPAN	Орёл	Asiatic Lion	1002
MARTIN Handford	Лебедь	Leopard	1001
黄枯茶	Pipit de Godlewski	Cheetah	1003
Holly Blue	LÖFFELENTE	leopard	1005
BEHR'S Hairstreak	Araqua-pintado	Leopard	1004
QtUYjnrt89--b.	Орёл	Mountain Lion	1005
QtUYjnrt89--3rtyu	Araqua-pintado	Cougar	1005
QtUYjnrt89--5o	Pipit de Godlewski	leopard	1001
dainty Sulphur	Pipit de Godlewski	asiatic lion	1002
QtUYjnrt89--v	Pipit de Godlewski	Leopard	1002
PEACOCK Butterfly	Silbón Europeo	asiatic lion	1002
xz--21jabcde	Silbón Europeo	Leopard	1002
silbón Europeo	LÖFFELENTE	Clouded Leopard	1004
8	Лебедь	asiatic lion	1004
Porrón Islándico	Silbón Europeo	Asiatic Lion	1005
QtUYjnrt89--m	Pipit de Godlewski	Cheetah	1001
QtUYjnrt89--7	LÖFFELENTE	asiatic lion	1005
100009	Pipit de Godlewski	asiatic lion	1005
xz--21j3	Pipit de Godlewski	MOUNTAIN LION	1002
白湯	Pipit de Godlewski	COUGAR	1002
Arctic Skipper	Marreca-cabocla	Asiatic Lion	1004
peacock Butterfly	Löffelente	Leopard	1003
JOHN Steinbeck	Macreuse à bec jaune	MOUNTAIN LION	1005
QtUYjnrt89--e	löffelente	Leopard	1001
QtUYjnrt89--v	Macreuse à bec jaune	asiatic lion	1004
snow Leopard	löffelente	COUGAR	1005
william Peter Blatty	LÖFFELENTE	Asiatic Cheetah	1001
QtUYjnrt89--h3	Macreuse à bec jaune	asiatic lion	1002
malvasía Cabeciblanca	Орёл	Cheetah	1004
xz--21jt	Silbón Europeo	Clouded Leopard	1004
QtUYjnrt89--8	Macreuse à bec jaune	Leopard	1005
QtUYjnrt89--3	Pipit de Godlewski	Asiatic Lion	1001
xz--21j5	Silbón Europeo	Leopard	1002
Pipit de Godlewsk	Орёл	Asiatic Cheetah	1003
araqua-pintado	Araqua-pintado	Cougar	1005
Pipit de Godlewsk	Marreca-cabocla	Leopard	1005
QtUYjnrt89--7	Araqua-pintado	Cheetah	1005
QtUYjnrt89--2	Macreuse à bec jaune	asiatic lion	1001
QtUYjnrt89--x8	Pipit de Godlewski	Leopard	1001
QtUYjnrt89--wg	Marreca-cabocla	Asiatic Lion	1003
weißwangengans	Pipit de Godlewski	COUGAR	1002
QtUYjnrt89--c	Pipit de Godlewski	Clouded Leopard	1001
weißwangengans	Marreca-cabocla	Clouded Leopard	1005
QtUYjnrt89--b.	Araqua-pintado	Asiatic Cheetah	1003
PIPIT de Godlewski	Лебедь	asiatic lion	1005
QtUYjnrt89--n	Pipit de Godlewski	Cougar	1005
xz--21j0	Pipit de Godlewski	Asiatic Lion	1003
Porrón Islándico	Löffelente	Clouded Leopard	1001
schneeweiß	Орёл	Cheetah	1004
behr's Hairstreak	Macreuse à bec jaune	Cheetah	1001
Peacock Butterfly	Löffelente	Cheetah	1003
QtUYjnrt89--k	Löffelente	Clouded Leopard	1003
xz--21jj	Орёл	Clouded Leopard	1001
QtUYjnrt89--x	Silbón Europeo	Cougar	1001
WILLIAM Peter Blatty	LÖFFELENTE	MOUNTAIN LION	1004
12345678906	Орёл	COUGAR	1003
LION	Орёл	Leopard	1004
QtUYjnrt89--5o	Araqua-pintado	MOUNTAIN LION	1002
Tüpfelsumpfhuhn	Macreuse à bec jaune	Mountain Lion	1003
Macreuse à bec jaune	löffelente	leopard	1002
TÜRKIS	Орёл	Leopard	1003
TÜRKIS	Marreca-cabocla	Cheetah	1004
100008	Pipit de Godlewski	leopard	1001
the Mark of Zorro	Pipit de Godlewski	Mountain Lion	1002
QtUYjnrt89--1	LÖFFELENTE	asiatic lion	1002
ARCTIC Skipper	Löffelente	MOUNTAIN LION	1001
Pipit de Godlewski	Macreuse à bec jaune	COUGAR	1005
QtUYjnrt89--u	Löffelente	COUGAR	1004
gulf Fritillary	LÖFFELENTE	asiatic lion	1001
Aaaaa	Macreuse à bec jaune	Asiatic Lion	1003
100003	Löffelente	COUGAR	1001
Richard Adams	Löffelente	Asiatic Cheetah	1002
The Mark of Zorro	Орёл	MOUNTAIN LION	1005
Peacock Butterfly	Araqua-pintado	COUGAR	1005
Icarioides Blue	Орёл	Cheetah	1001
QtUYjnrt89--b	Орёл	Leopard	1004
noir	Pipit de Godlewski	Cougar	1001
sooty Copper	Löffelente	Clouded Leopard	1005
Macreuse à bec jaune	löffelente	Leopard	1001
12345678906	Лебедь	COUGAR	1003
araqua-pintado	Pipit de Godlewski	Cheetah	1001
xz--21jn	Лебедь	COUGAR	1005
QtUYjnrt89--tk	löffelente	Cheetah	1004
ALFALFA Butterfly	Pipit de Godlewski	leopard	1005
QtUYjnrt89--m;	Лебедь	leopard	1002
snow Leopard	Pipit de Godlewski	Cheetah	1002
12345678916	Macreuse à bec jaune	Cougar	1002
AAAAA	Macreuse à bec jaune	Cougar	1003
ЛЕБЕДЬ	Орёл	Leopard	1001
xz--21js	Pipit de Godlewski	Clouded Leopard	1002
QtUYjnrt89--1q	Araqua-pintado	COUGAR	1001
100002	Орёл	Mountain Lion	1001
xz--21ju	LÖFFELENTE	Clouded Leopard	1002
QtUYjnrt89--qf	Silbón Europeo	Asiatic Cheetah	1002
100007	Pipit de Godlewski	Asiatic Lion	1004
QtUYjnrt89--oc	Орёл	Mountain Lion	1001
100004	Araqua-pintado	Cougar	1002
QtUYjnrt89--q	Pipit de Godlewski	Cougar	1004
Tüpfelsumpfhuhn	Macreuse à bec jaune	Cheetah	1003
QtUYjnrt89--b	Pipit de Godlewski	leopard	1002
silbón Europeo	Pipit de Godlewski	Cheetah	1005
xz--21jpq	Macreuse à bec jaune	MOUNTAIN LION	1005
SCHNEEWEISS	Löffelente	Cheetah	1001
Indra Swallowtail	Löffelente	asiatic lion	1001
QtUYjnrt89--w	Löffelente	Cougar	1004
Clouded Leopard	Лебедь	Asiatic Lion	1002
Silbón Europeo	Marreca-cabocla	Cheetah	1005
暗紅色/暗赤色	Löffelente	Cheetah	1001
QtUYjnrt89--4	Macreuse à bec jaune	Asiatic Lion	1005
fumée	Silbón Europeo	Leopard	1001
Macreuse à bec jaune	Marreca-cabocla	Asiatic Lion	1004
xz--21jx	Löffelente	Asiatic Cheetah	1005
濡れ羽色	Орёл	Cheetah	1004
GRAY-Veined White	Silbón Europeo	Cheetah	1001
暗紅色/暗赤色	Орёл	Mountain Lion	1002
黄枯茶	löffelente	Mountain Lion	1001
濡れ羽色	Löffelente	Leopard	1002
9	Araqua-pintado	Cheetah	1003
schneeweiß	Araqua-pintado	Cougar	1001
QtUYjnrt89--m	Pipit de Godlewski	Mountain Lion	1001
100009	Лебедь	Cougar	1001
QtUYjnrt89--u	Silbón Europeo	Cheetah	1002
porrón Islándico	Pipit de Godlewski	Clouded Leopard	1002
xz--21jt	Löffelente	Cheetah	1001
100004	löffelente	asiatic lion	1003
SNOW Leopard	Орёл	asiatic lion	1001
暗紅色/暗赤色	Pipit de Godlewski	Cougar	1003
QtUYjnrt89--l	Pipit de Godlewski	asiatic lion	1001
Tüpfelsumpfhuhn	LÖFFELENTE	Leopard	1002
Gray-Veined White	Macreuse à bec jaune	Asiatic Lion	1005
Clouded Leopard	Pipit de Godlewski	Asiatic Cheetah	1004
araqua-pintado	Marreca-cabocla	MOUNTAIN LION	1001
QtUYjnrt89--g	Silbón Europeo	Mountain Lion	1004
xz--21jx	löffelente	MOUNTAIN LION	1002
arctic Skipper	Pipit de Godlewski	Cheetah	1005
xz--21j5	Pipit de Godlewski	MOUNTAIN LION	1005
QtUYjnrt89--3	Лебедь	leopard	1004
icarioides Blue	Araqua-pintado	Leopard	1002
xz--21jabcde	Löffelente	MOUNTAIN LION	1004
QtUYjnrt89--l	Araqua-pintado	leopard	1003
QtUYjnrt89--oc	Macreuse à bec jaune	Mountain Lion	1001
PORRÓN Islándico	LÖFFELENTE	Asiatic Cheetah	1002
100002	Pipit de Godlewski	Mountain Lion	1004
GRAY-Veined White	Macreuse à bec jaune	Clouded Leopard	1005
PORRÓN Islándico	Лебедь	Cheetah	1002
Alfalfa Butterfly	Macreuse à bec jaune	Clouded Leopard	1005
ARAQUA-pintado	Macreuse à bec jaune	Asiatic Cheetah	1001
GRAY-Veined White	Лебедь	Asiatic Lion	1005
GRÜNSPAN	Pipit de Godlewski	Cougar	1001
schneeweiß	Araqua-pintado	MOUNTAIN LION	1002
SCHNEEWEISS	Löffelente	Cougar	1002
Richard Adams	löffelente	asiatic lion	1002
QtUYjnrt89--x	Löffelente	Cheetah	1004
QtUYjnrt89--7	Löffelente	MOUNTAIN LION	1004
araqua-pintado	Pipit de Godlewski	leopard	1002
白湯	Araqua-pintado	Cheetah	1004
Indra Swallowtail	Pipit de Godlewski	Leopard	1005
xz--21jk	Silbón Europeo	Cheetah	1004
серый	Araqua-pintado	Asiatic Cheetah	1005
LION	Pipit de Godlewski	leopard	1003
QtUYjnrt89--f	Орёл	MOUNTAIN LION	1002
JOHN Steinbeck	Орёл	Cougar	1001
GRÜNSPAN	LÖFFELENTE	Leopard	1001
silbón Europeo	Silbón Europeo	MOUNTAIN LION	1004
xz--21jn	LÖFFELENTE	Asiatic Cheetah	1003
QtUYjnrt89--a	Silbón Europeo	MOUNTAIN LION	1001
MARRECA-cabocla	Silbón Europeo	MOUNTAIN LION	1001
puffin des Baléares	Löffelente	Cougar	1002
schneeweiß	Pipit de Godlewski	leopard	1001
The Mark of Zorro	Marreca-cabocla	asiatic lion	1001
QtUYjnrt89--c	löffelente	Cheetah	1004
marreca-cabocla	Araqua-pintado	Asiatic Lion	1004
QtUYjnrt89--rj	Löffelente	MOUNTAIN LION	1003
QtUYjnrt89--ix	Marreca-cabocla	Asiatic Cheetah	1002
GULF Fritillary	Лебедь	asiatic lion	1001
Silbón Europeo	Лебедь	Cheetah	1001
xz--21jv	Pipit de Godlewski	MOUNTAIN LION	1001
12345678915	Pipit de Godlewski	Cougar	1003
QtUYjnrt89--yl	Лебедь	MOUNTAIN LION	1001
william Peter Blatty	Marreca-cabocla	leopard	1004
silbón Europeo	löffelente	COUGAR	1005
QtUYjnrt89--p	Silbón Europeo	MOUNTAIN LION	1001
DAINTY Sulphur	Pipit de Godlewski	Leopard	1004
grünspan	Macreuse à bec jaune	Leopard	1004
weißwangengans	LÖFFELENTE	Mountain Lion	1003
schneeweiß	LÖFFELENTE	Asiatic Lion	1001
Воробей	Лебедь	Clouded Leopard	1001
QtUYjnrt89--b.	Орёл	Mountain Lion	1001
Marreca-cabocla	LÖFFELENTE	Mountain Lion	1003
12345678913	Macreuse à bec jaune	COUGAR	1003
Asiatic Cheetah,	Pipit de Godlewski	Asiatic Lion	1003
QtUYjnrt89--2	Marreca-cabocla	Cheetah	1001
QtUYjnrt89--h	Лебедь	Leopard	1004
pechschwarz	Pipit de Godlewski	Cheetah	1001
Macreuse à bec jaune	Araqua-pintado	MOUNTAIN LION	1005
tüpfelsumpfhuhn	Орёл	Clouded Leopard	1005
WILLIAM Peter Blatty	Macreuse à bec jaune	COUGAR	1005
MACREUSE à bec jaune	Pipit de Godlewski	Mountain Lion	1005
Dune	Silbón Europeo	Leopard	1005
dorado	Araqua-pintado	Leopard	1001
12345678910	Löffelente	COUGAR	1002
QtUYjnrt89--j	Marreca-cabocla	COUGAR	1005
John Steinbeck	löffelente	COUGAR	1002
QtUYjnrt89--v	LÖFFELENTE	Cheetah	1002
xz--21jx	LÖFFELENTE	Cheetah	1003
pipit de Godlewski	Araqua-pintado	leopard	1001
QtUYjnrt89--n/	Araqua-pintado	Asiatic Lion	1001
QtUYjnrt89--b.	Marreca-cabocla	Cheetah	1003
Tüpfelsumpfhuhn	Marreca-cabocla	COUGAR	1001
Ababcdef	LÖFFELENTE	Cougar	1005
the Grapes of Wrath	Araqua-pintado	Cougar	1001
8	Лебедь	Cougar	1001
12345678913	Pipit de Godlewski	Clouded Leopard	1003
MALVASÍA Cabeciblanca	Лебедь	COUGAR	1002
濡れ羽色	Araqua-pintado	Cheetah	1001
LION	löffelente	asiatic lion	1001
QtUYjnrt89--5	Pipit de Godlewski	Leopard	1005
100009	Silbón Europeo	Asiatic Lion	1004
QtUYjnrt89--3	Macreuse à bec jaune	Asiatic Lion	1001
Aaaaa	Macreuse à bec jaune	asiatic lion	1001
QtUYjnrt89--ab	Pipit de Godlewski	Clouded Leopard	1003
DAINTY Sulphur	Silbón Europeo	leopard	1001
Silbón Europeo	Pipit de Godlewski	Cougar	1002
QtUYjnrt89--uz	Marreca-cabocla	leopard	1004
Leopard	Pipit de Godlewski	Cheetah	1002
arctic Skipper	Орёл	Asiatic Cheetah	1005
xz--21j67	Macreuse à bec jaune	Leopard	1005
PORRÓN Islándico	Marreca-cabocla	Cheetah	1001
12345678905	Pipit de Godlewski	Asiatic Cheetah	1001
12345678904	Araqua-pintado	Clouded Leopard	1002
ЛЕБЕДЬ	Лебедь	Cheetah	1003
жёлтый	löffelente	leopard	1002
QtUYjnrt89--uz	Macreuse à bec jaune	Cheetah	1002
серый	Pipit de Godlewski	Cheetah	1004
QtUYjnrt89--h	Löffelente	MOUNTAIN LION	1005
7	Silbón Europeo	Clouded Leopard	1002
Pine White	Pipit de Godlewski	Leopard	1001
araqua-pintado	Лебедь	leopard	1001
QtUYjnrt89--f	Pipit de Godlewski	Mountain Lion	1004
EDITH'S Copper	Macreuse à bec jaune	Clouded Leopard	1002
WILLIAM Peter Blatty	Pipit de Godlewski	Cheetah	1003
macreuse à bec jaune	Löffelente	Asiatic Lion	1003
edith's Checkerspot	Pipit de Godlewski	MOUNTAIN LION	1005
xz--21jn	Marreca-cabocla	leopard	1004
QtUYjnrt89--p	LÖFFELENTE	Cheetah	1005
QtUYjnrt89--f1	Pipit de Godlewski	Cougar	1004
12345678914	Pipit de Godlewski	asiatic lion	1001
pechschwarz	Araqua-pintado	Clouded Leopard	1003
白湯	Pipit de Godlewski	Cheetah	1001
EDITH'S Copper	Pipit de Godlewski	leopard	1002
Weißwangengans	Pipit de Godlewski	Clouded Leopard	1002
QtUYjnrt89--c	Silbón Europeo	Asiatic Cheetah	1002
8	Лебедь	asiatic lion	1001
QtUYjnrt89--7	löffelente	Clouded Leopard	1005
orange Sulphur	LÖFFELENTE	Cheetah	1004
QtUYjnrt89--z7	Löffelente	Asiatic Cheetah	1001
Araqua-pintado	Silbón Europeo	leopard	1004
SILBÓN Europeo	Орёл	Cougar	1001
濡れ羽色	Pipit de Godlewski	Cheetah	1001
PUFFIN des Baléares	Лебедь	MOUNTAIN LION	1001
100002	Araqua-pintado	Asiatic Cheetah	1002
xz--21jj	Marreca-cabocla	Cougar	1003
12345678904	Löffelente	MOUNTAIN LION	1002
ICARIOIDES Blue	Macreuse à bec jaune	Asiatic Lion	1001
Malvasía Cabeciblanca	Löffelente	Cheetah	1001
schneeweiß	Pipit de Godlewski	Leopard	1005
QtUYjnrt89--pv	Macreuse à bec jaune	asiatic lion	1005
ABABCDEF	Löffelente	Asiatic Cheetah	1003
marreca-cabocla	Pipit de Godlewski	Leopard	1003
Clouded Leopard	Pipit de Godlewski	Asiatic Lion	1005
gray-Veined White	Лебедь	Cougar	1003
QtUYjnrt89--4i	Орёл	asiatic lion	1002
behr's Hairstreak	LÖFFELENTE	Asiatic Cheetah	1004
100002	Araqua-pintado	MOUNTAIN LION	1004
puffin des Baléares	Pipit de Godlewski	Asiatic Lion	1001
Tüpfelsumpfhuhn	Araqua-pintado	Mountain Lion	1003
12345678906	Silbón Europeo	Asiatic Lion	1002
Grünspan	Marreca-cabocla	COUGAR	1004
QtUYjnrt89--3	Pipit de Godlewski	Asiatic Cheetah	1001
12345678908	Löffelente	Asiatic Cheetah	1005
cougar	Marreca-cabocla	Mountain Lion	1001
alfalfa Butterfly	Macreuse à bec jaune	Mountain Lion	1001
Cougar	Pipit de Godlewski	MOUNTAIN LION	1002
alfalfa Butterfly	Лебедь	Cheetah	1003
jaguar	LÖFFELENTE	asiatic lion	1001
濡れ羽色	Macreuse à bec jaune	Leopard	1001
The Mark of Zorro	Silbón Europeo	Cheetah	1001
100005	LÖFFELENTE	Clouded Leopard	1004
sooty Copper	Pipit de Godlewski	MOUNTAIN LION	1005
QtUYjnrt89--f1	Орёл	Cougar	1002
ARCTIC Skipper	Орёл	leopard	1002
8	Pipit de Godlewski	COUGAR	1001
3	Pipit de Godlewski	Mountain Lion	1001
xz--21jw	Marreca-cabocla	MOUNTAIN LION	1001
Holly Blue	Орёл	Asiatic Cheetah	1001
серый	Орёл	Cougar	1002
QtUYjnrt89--4	Marreca-cabocla	Cheetah	1002
macreuse à bec jaune	Лебедь	Asiatic Lion	1003
Gray-Veined White	Löffelente	asiatic lion	1001
白湯	Macreuse à bec jaune	leopard	1001
peacock Butterfly	Pipit de Godlewski	Leopard	1002
ALFALFA Butterfly	LÖFFELENTE	Cougar	1003
QtUYjnrt89--h	LÖFFELENTE	leopard	1002
Edith's Checkerspot	Pipit de Godlewski	leopard	1004
Pipit de Godlewski	LÖFFELENTE	leopard	1005
schneeweiß	Macreuse à bec jaune	Cheetah	1001
QtUYjnrt89--2we	Лебедь	Clouded Leopard	1001
QtUYjnrt89--x8	Pipit de Godlewski	Cougar	1001
100006	Marreca-cabocla	Cheetah	1002
QtUYjnrt89--1q	Лебедь	Cheetah	1002
Pipit de Godlewski	Pipit de Godlewski	leopard	1001
QtUYjnrt89--b	Macreuse à bec jaune	Mountain Lion	1004
12345678912	Лебедь	asiatic lion	1001
12345678918	Marreca-cabocla	Leopard	1001
QtUYjnrt89--q	Орёл	MOUNTAIN LION	1002
12345678902	Löffelente	Cheetah	1002
QtUYjnrt89--l	Орёл	COUGAR	1002
5	Araqua-pintado	Clouded Leopard	1001
6	Pipit de Godlewski	Clouded Leopard	1003
QtUYjnrt89--b.	Pipit de Godlewski	Cougar	1005
peacock Butterfly	Pipit de Godlewski	COUGAR	1002
Tüpfelsumpfhuhn	löffelente	Cheetah	1001
Ringle	Pipit de Godlewski	Clouded Leopard	1001
100001	Löffelente	Cheetah	1004
QtUYjnrt89--4i	Орёл	MOUNTAIN LION	1003
xz--21jpq	LÖFFELENTE	Cheetah	1003
puffin des Baléares	Araqua-pintado	asiatic lion	1001
1	Лебедь	COUGAR	1001
黄枯茶	Лебедь	Mountain Lion	1002
the Mark of Zorro	löffelente	COUGAR	1005
QtUYjnrt89--f1	Pipit de Godlewski	asiatic lion	1004
12345678907	Macreuse à bec jaune	COUGAR	1002
xz--21jf	Pipit de Godlewski	Cougar	1002
pipit de Godlewski	Silbón Europeo	leopard	1002
dorado	LÖFFELENTE	Asiatic Cheetah	1002
John Steinbeck	Macreuse à bec jaune	Mountain Lion	1001
Silbón Europeo	Marreca-cabocla	Mountain Lion	1001
QtUYjnrt89--4i	Pipit de Godlewski	COUGAR	1003
xz--21jv	Marreca-cabocla	Asiatic Lion	1004
QtUYjnrt89--yl	Marreca-cabocla	Asiatic Cheetah	1002
xz--21jo	löffelente	Asiatic Cheetah	1005
QtUYjnrt89--a	Macreuse à bec jaune	Asiatic Lion	1001
Lion	Pipit de Godlewski	Cheetah	1002
白湯	Орёл	Cheetah	1004
12345678915	Macreuse à bec jaune	Leopard	1005
Indra Swallowtail	Pipit de Godlewski	Asiatic Lion	1003
icarioides Blue	Araqua-pintado	leopard	1001
Aaaaa	Pipit de Godlewski	COUGAR	1001
The Mark of Zorro	LÖFFELENTE	Leopard	1001
ALFALFA Butterfly	Орёл	Leopard	1001
xz--21jx	LÖFFELENTE	Cheetah	1002
Snow Leopard	LÖFFELENTE	asiatic lion	1001
xz--21jx	Лебедь	leopard	1002
grünspan	Macreuse à bec jaune	Clouded Leopard	1002
QtUYjnrt89--a	Löffelente	COUGAR	1003
QtUYjnrt89--3rtyu	Орёл	COUGAR	1005
QtUYjnrt89--q	LÖFFELENTE	asiatic lion	1003
QtUYjnrt89--o	Araqua-pintado	Asiatic Lion	1002
QtUYjnrt89--v	Pipit de Godlewski	Asiatic Lion	1002
жёлтый	Marreca-cabocla	Cougar	1001
JOHN Steinbeck	Silbón Europeo	MOUNTAIN LION	1003
Pipit de Godlewski	Araqua-pintado	MOUNTAIN LION	1002
QtUYjnrt89--d	Лебедь	Mountain Lion	1002
GULF Fritillary	Лебедь	MOUNTAIN LION	1002
INDRA Swallowtail	Silbón Europeo	Cheetah	1005
xz--21j3	Silbón Europeo	MOUNTAIN LION	1004
Silbón Europeo	Pipit de Godlewski	Asiatic Cheetah	1002
QtUYjnrt89--pv	Лебедь	Leopard	1005
QtUYjnrt89--h	Pipit de Godlewski	COUGAR	1005
xz--21jr	Pipit de Godlewski	Cheetah	1002
1	Pipit de Godlewski	Asiatic Cheetah	1005
xz--21jw	Macreuse à bec jaune	Cheetah	1005
QtUYjnrt89--rj	Marreca-cabocla	Cheetah	1005
QtUYjnrt89--sn	Лебедь	asiatic lion	1004
xz--21jabcde	Pipit de Godlewski	Mountain Lion	1001
Macreuse à bec jaune	Löffelente	Cheetah	1005
QtUYjnrt89--ab	Орёл	Leopard	1004
QtUYjnrt89--h3	Pipit de Godlewski	leopard	1003
marreca-cabocla	Pipit de Godlewski	Cheetah	1003
серый	Araqua-pintado	Asiatic Cheetah	1001
QtUYjnrt89--ix	Marreca-cabocla	Cougar	1003
PORRÓN Islándico	Лебедь	asiatic lion	1001
СЕРЫЙ	Лебедь	Asiatic Lion	1001
Ababcdef	Silbón Europeo	Leopard	1003
dorado	LÖFFELENTE	leopard	1002
INDRA Swallowtail	LÖFFELENTE	Clouded Leopard	1004
暗紅色/暗赤色	Орёл	Asiatic Lion	1003
100003	Pipit de Godlewski	Clouded Leopard	1005
6	Pipit de Godlewski	COUGAR	1003
Alfalfa Butterfly	Орёл	Cougar	1002
1	Araqua-pintado	Cougar	1001
snow Leopard	Silbón Europeo	Mountain Lion	1002
QtUYjnrt89--p	Marreca-cabocla	asiatic lion	1002
the Mark of Zorro	Орёл	Mountain Lion	1005
QtUYjnrt89--eh	Silbón Europeo	Mountain Lion	1004
malvasía Cabeciblanca	Macreuse à bec jaune	Leopard	1003
12345678917	Pipit de Godlewski	Cheetah	1003
Watership Down	Macreuse à bec jaune	leopard	1001
The Mark of Zorro	Орёл	leopard	1001
QtUYjnrt89--8	Орёл	Cheetah	1003
Macreuse à bec jaune	Löffelente	Asiatic Cheetah	1005
indra Swallowtail	Silbón Europeo	MOUNTAIN LION	1001
QtUYjnrt89--y	LÖFFELENTE	Clouded Leopard	1002
100007	Лебедь	Leopard	1001
QtUYjnrt89--8	Araqua-pintado	Cheetah	1004
QtUYjnrt89--n/	Araqua-pintado	MOUNTAIN LION	1002
100008	Marreca-cabocla	Cheetah	1001
黄枯茶	Орёл	Cougar	1005
QtUYjnrt89--g2	Орёл	COUGAR	1003
xz--21js	löffelente	Clouded Leopard	1002
gulf Fritillary	LÖFFELENTE	leopard	1002
the Grapes of Wrath	löffelente	MOUNTAIN LION	1002
QtUYjnrt89--x	Macreuse à bec jaune	Clouded Leopard	1004
gulf Fritillary	Pipit de Godlewski	Clouded Leopard	1002
xz--21jr	LÖFFELENTE	COUGAR	1001
malvasía Cabeciblanca	Pipit de Godlewski	MOUNTAIN LION	1004
John Steinbeck	Лебедь	Mountain Lion	1005
Peacock Butterfly	Silbón Europeo	Leopard	1003
黄枯茶	Silbón Europeo	Cougar	1001
Arctic Skipper	Pipit de Godlewski	Cheetah	1001
SCHNEEWEISS	löffelente	Cheetah	1004
Gulf Fritillary	Marreca-cabocla	leopard	1004
濡れ羽色	Pipit de Godlewski	MOUNTAIN LION	1003
Dune	Орёл	Mountain Lion	1002
12345678916	Орёл	Mountain Lion	1001
Macreuse à bec jaune	Орёл	Cheetah	1003
Porrón Islándico	Лебедь	Cheetah	1003
Clouded Leopard	löffelente	asiatic lion	1004
xz--21js	Macreuse à bec jaune	MOUNTAIN LION	1002
QtUYjnrt89--m	Araqua-pintado	MOUNTAIN LION	1003
QtUYjnrt89--m;	Löffelente	Asiatic Lion	1001
türkis	Орёл	Asiatic Lion	1003
ALFALFA Butterfly	Pipit de Godlewski	Asiatic Lion	1002
Malvasía Cabeciblanca	Орёл	leopard	1005
Marreca-cabocla	Pipit de Godlewski	Leopard	1004
sooty Copper	Silbón Europeo	Asiatic Lion	1002
xz--21jw	Silbón Europeo	Cougar	1003
Ababcdef	Löffelente	Leopard	1005
xz--21jpq	Pipit de Godlewski	COUGAR	1001
12345678918	LÖFFELENTE	Asiatic Lion	1001
7	Pipit de Godlewski	Leopard	1004
sooty Copper	Löffelente	Cheetah	1001
PORRÓN Islándico	Marreca-cabocla	Mountain Lion	1004
ababCDEF	Macreuse à bec jaune	COUGAR	1005
QtUYjnrt89--k5	Silbón Europeo	Asiatic Lion	1002
Holly Blue	Pipit de Godlewski	asiatic lion	1001
QtUYjnrt89--3	Marreca-cabocla	Leopard	1004
Dainty Sulphur	LÖFFELENTE	Mountain Lion	1004
Silbón Europeo	Silbón Europeo	Cheetah	1005
QtUYjnrt89--9	Macreuse à bec jaune	Asiatic Cheetah	1001
白湯	Araqua-pintado	Clouded Leopard	1003
QtUYjnrt89--tk	Löffelente	MOUNTAIN LION	1005
john Steinbeck	Pipit de Godlewski	Cheetah	1003
asiatic Cheetah,	Pipit de Godlewski	Leopard	1003
6	Орёл	asiatic lion	1002
100006	Pipit de Godlewski	Cougar	1002
QtUYjnrt89--h	Silbón Europeo	Mountain Lion	1005
4	Araqua-pintado	Clouded Leopard	1002
Воробей	löffelente	Cheetah	1004
100001	Лебедь	Clouded Leopard	1004
QtUYjnrt89--r	Pipit de Godlewski	Mountain Lion	1001
Tüpfelsumpfhuhn	Marreca-cabocla	Asiatic Cheetah	1001
QtUYjnrt89--eh	Орёл	Asiatic Cheetah	1002
Indra Swallowtail	LÖFFELENTE	Clouded Leopard	1001
PECHSCHWARZ	Silbón Europeo	Mountain Lion	1001
100009	Silbón Europeo	Clouded Leopard	1002
Edith's Copper	Löffelente	Cougar	1004
QtUYjnrt89--c9	Araqua-pintado	Asiatic Cheetah	1001
Gray-Veined White	Macreuse à bec jaune	Asiatic Lion	1003
4	löffelente	leopard	1005
weißwangengans	Pipit de Godlewski	COUGAR	1001
xz--21jf	Лебедь	Cheetah	1002
QtUYjnrt89--v,	Pipit de Godlewski	asiatic lion	1003
QtUYjnrt89--ab	Pipit de Godlewski	Mountain Lion	1001
QtUYjnrt89--o	Лебедь	Mountain Lion	1004
Silbón Europeo	Marreca-cabocla	Leopard	1002
Behr's Hairstreak	Silbón Europeo	MOUNTAIN LION	1004
ASIATIC Cheetah,	Pipit de Godlewski	COUGAR	1005
QtUYjnrt89--r	Macreuse à bec jaune	asiatic lion	1005
QtUYjnrt89--l	Silbón Europeo	Cheetah	1005
QtUYjnrt89--6	Araqua-pintado	Leopard	1005
QtUYjnrt89--1q	Silbón Europeo	leopard	1002
PORRÓN Islándico	Лебедь	COUGAR	1001
QtUYjnrt89--q	Орёл	Cougar	1004
MACREUSE à bec jaune	Macreuse à bec jaune	Asiatic Cheetah	1003
12345678912	Macreuse à bec jaune	COUGAR	1003
MACREUSE à bec jaune	Araqua-pintado	Leopard	1004
QtUYjnrt89--ix	Орёл	MOUNTAIN LION	1001
CLOUDED Leopard	Pipit de Godlewski	Cheetah	1001
cougar	Silbón Europeo	Asiatic Cheetah	1005
QtUYjnrt89--rj	Pipit de Godlewski	COUGAR	1001
schneeweiß	Орёл	Clouded Leopard	1001
malvasía Cabeciblanca	LÖFFELENTE	Clouded Leopard	1003
ALFALFA Butterfly	Pipit de Godlewski	Cougar	1001
schneeweiß	Löffelente	asiatic lion	1001
schneeweiß	Pipit de Godlewski	Cheetah	1002
ARAQUA-pintado	Лебедь	COUGAR	1002
JAGUAR	Pipit de Godlewski	COUGAR	1003
Tüpfelsumpfhuhn	Marreca-cabocla	COUGAR	1005
黄枯茶	Marreca-cabocla	Mountain Lion	1002
Edith's Copper	Pipit de Godlewski	Mountain Lion	1002
GRÜNSPAN	LÖFFELENTE	Cougar	1002
QtUYjnrt89--pv	Лебедь	Clouded Leopard	1002
Gulf Fritillary	Pipit de Godlewski	Cougar	1003
lion	Silbón Europeo	Cheetah	1002
Malvasía Cabeciblanca	Орёл	Asiatic Lion	1004
12345678913	Macreuse à bec jaune	Asiatic Lion	1005
QtUYjnrt89--i	löffelente	Asiatic Lion	1004
xz--21jhi	Araqua-pintado	Cheetah	1004
QtUYjnrt89--t	Орёл	Asiatic Lion	1004
Araqua-pintado	Macreuse à bec jaune	Cheetah	1005
xz--21js	Pipit de Godlewski	Cougar	1005
QtUYjnrt89--7a	Löffelente	Asiatic Lion	1004
xz--21j67	LÖFFELENTE	Cougar	1001
QtUYjnrt89--l6	Silbón Europeo	Asiatic Cheetah	1002
the Grapes of Wrath	Pipit de Godlewski	Cougar	1004
Cougar	Araqua-pintado	Clouded Leopard	1003
ARCTIC Skipper	Araqua-pintado	Asiatic Cheetah	1001
12345678907	löffelente	COUGAR	1004
QtUYjnrt89--j	Araqua-pintado	COUGAR	1003
Alfalfa Butterfly	LÖFFELENTE	Cougar	1005
xz--21jj	Silbón Europeo	COUGAR	1002
QtUYjnrt89--5	Орёл	leopard	1002
CLOUDED Leopard	Лебедь	leopard	1002
4	Лебедь	Asiatic Cheetah	1002
QtUYjnrt89--k5	Löffelente	Asiatic Lion	1002
gray-Veined White	Pipit de Godlewski	MOUNTAIN LION	1005
macreuse à bec jaune	Орёл	Asiatic Lion	1001
Pipit de Godlewski	Macreuse à bec jaune	leopard	1001
QtUYjnrt89--8s	Pipit de Godlewski	Asiatic Lion	1001
濡れ羽色	Löffelente	MOUNTAIN LION	1002
QtUYjnrt89--c	Лебедь	Leopard	1004
JAGUAR	Pipit de Godlewski	MOUNTAIN LION	1001
CLOUDED Leopard	Silbón Europeo	COUGAR	1004
12345678903	Macreuse à bec jaune	Asiatic Cheetah	1002
xz--21jpq	Löffelente	COUGAR	1004
Lion	löffelente	Clouded Leopard	1001
12345678917	Лебедь	Clouded Leopard	1005
QtUYjnrt89--w	Silbón Europeo	Asiatic Cheetah	1003
dainty Sulphur	Löffelente	Clouded Leopard	1005
Snow Leopard	Macreuse à bec jaune	Asiatic Lion	1002
xz--21jo	Лебедь	Leopard	1002
暗紅色/暗赤色	Silbón Europeo	Mountain Lion	1001
BEHR'S Hairstreak	Лебедь	Cheetah	1005
arctic Skipper	Pipit de Godlewski	Asiatic Cheetah	1005
3	Pipit de Godlewski	asiatic lion	1003
QtUYjnrt89--z7	Pipit de Godlewski	Leopard	1002
QtUYjnrt89--y	Löffelente	Asiatic Lion	1001
xz--21jt	Löffelente	Asiatic Cheetah	1005
100008	Silbón Europeo	Asiatic Lion	1001
GULF Fritillary	Орёл	Cheetah	1003
12345678901	Marreca-cabocla	Cheetah	1004
xz--21jk	Pipit de Godlewski	Cheetah	1001
100005	Löffelente	asiatic lion	1002
The Mark of Zorro	Löffelente	Clouded Leopard	1003
Gray-Veined White	Pipit de Godlewski	Cougar	1001
QtUYjnrt89--5o	Silbón Europeo	Cheetah	1002
edith's Copper	löffelente	Clouded Leopard	1001
asiatic Cheetah,	Орёл	Cheetah	1005
Icarioides Blue	Орёл	leopard	1005
william Peter Blatty	Pipit de Godlewski	asiatic lion	1005
macreuse à bec jaune	Лебедь	Leopard	1001
xz--21jo	Marreca-cabocla	Asiatic Cheetah	1005
schneeweiß	Löffelente	Asiatic Lion	1003
noir	Macreuse à bec jaune	Leopard	1002
asiatic Cheetah,	Pipit de Godlewski	COUGAR	1001
TÜRKIS	löffelente	Mountain Lion	1004
MALVASÍA Cabeciblanca	Лебедь	leopard	1004
QtUYjnrt89--4	Löffelente	MOUNTAIN LION	1002
100003	löffelente	Mountain Lion	1002
12345678907	Орёл	Cheetah	1004
Jaguar	Löffelente	Cheetah	1001
Orange Sulphur	Pipit de Godlewski	Asiatic Cheetah	1003
SILBÓN Europeo	Pipit de Godlewski	Clouded Leopard	1004
xz--21jk	Pipit de Godlewski	Asiatic Cheetah	1002
kohlrabenschwarz	Silbón Europeo	Cheetah	1003
noir	Marreca-cabocla	Asiatic Lion	1001
Pine White	Лебедь	Cheetah	1002
Dainty Sulphur	löffelente	Cheetah	1001
QtUYjnrt89--x8	Araqua-pintado	Leopard	1002
Araqua-pintado	Орёл	asiatic lion	1001
濡れ羽色	Pipit de Godlewski	leopard	1003
malvasía Cabeciblanca	Орёл	MOUNTAIN LION	1001
Jaguar	Macreuse à bec jaune	leopard	1002
silbón Europeo	Лебедь	Cheetah	1001
Malvasía Cabeciblanca	Marreca-cabocla	Cougar	1001
AAAAA	löffelente	Cougar	1005
Pine White	Орёл	Cheetah	1001
100006	löffelente	Cheetah	1004
лебедь	Pipit de Godlewski	Asiatic Cheetah	1002
濡れ羽色	löffelente	Clouded Leopard	1002
Alfalfa Butterfly	Pipit de Godlewski	Cheetah	1002
6	löffelente	Mountain Lion	1002
lion	Pipit de Godlewski	Mountain Lion	1001
xz--21jl	LÖFFELENTE	Cougar	1002
MARRECA-cabocla	Araqua-pintado	Cheetah	1002
Malvasía Cabeciblanca	Löffelente	Asiatic Cheetah	1004
QtUYjnrt89--pv	Löffelente	Asiatic Lion	1005
QtUYjnrt89--c	Pipit de Godlewski	Cheetah	1001
ЛЕБЕДЬ	Pipit de Godlewski	Asiatic Cheetah	1003
QtUYjnrt89--ab	löffelente	Mountain Lion	1001
黄枯茶	Silbón Europeo	COUGAR	1003
Macreuse à bec jaune	Pipit de Godlewski	Cougar	1002
QtUYjnrt89--u	löffelente	Cougar	1004
tüpfelsumpfhuhn	Лебедь	Leopard	1001
Malvasía Cabeciblanca	Pipit de Godlewski	Cheetah	1002
noir	Löffelente	Cougar	1005
Lion	Орёл	MOUNTAIN LION	1001
QtUYjnrt89--v,	Araqua-pintado	Mountain Lion	1002
暗紅色/暗赤色	LÖFFELENTE	Mountain Lion	1005
JOHN Steinbeck	Pipit de Godlewski	Asiatic Lion	1003
12345678905	löffelente	Cheetah	1002
QtUYjnrt89--v	Pipit de Godlewski	Mountain Lion	1004
12345678908	LÖFFELENTE	Leopard	1005
QtUYjnrt89--5o	Macreuse à bec jaune	Asiatic Cheetah	1005
alfalfa Butterfly	Macreuse à bec jaune	leopard	1002
QtUYjnrt89--2we	Araqua-pintado	Leopard	1003
Orange Sulphur	löffelente	Asiatic Cheetah	1005
TÜRKIS	Löffelente	COUGAR	1002
Gray-Veined White	Löffelente	asiatic lion	1002
the Grapes of Wrath	Орёл	Asiatic Lion	1004
araqua-pintado	Löffelente	Cheetah	1002
xz--21j0	LÖFFELENTE	COUGAR	1002
黄枯茶	Marreca-cabocla	asiatic lion	1004
9	Pipit de Godlewski	Cheetah	1002
schneeweiß	Лебедь	Cougar	1002
WEISSWANGENGANS	Лебедь	Asiatic Cheetah	1001
Green Comma	Pipit de Godlewski	Clouded Leopard	1004
12345678913	Pipit de Godlewski	leopard	1005
QtUYjnrt89--ix	Marreca-cabocla	Asiatic Cheetah	1001
濡れ羽色	Löffelente	MOUNTAIN LION	1005
xz--21jv	LÖFFELENTE	Cheetah	1003
Silbón Europeo	Silbón Europeo	MOUNTAIN LION	1001
weißwangengans	löffelente	leopard	1005
QtUYjnrt89--6	Marreca-cabocla	leopard	1003
xz--21j2	Macreuse à bec jaune	Cougar	1001
QtUYjnrt89--c9	LÖFFELENTE	Clouded Leopard	1002
Arctic Skipper	Орёл	Mountain Lion	1001
xz--21jo	Лебедь	COUGAR	1001
12345678910	Pipit de Godlewski	Cheetah	1005
QtUYjnrt89--1	Macreuse à bec jaune	Asiatic Lion	1001
QtUYjnrt89--a	Орёл	Leopard	1002
12345678902	Pipit de Godlewski	leopard	1003
жёлтый	Araqua-pintado	Cheetah	1005
Watership Down	Macreuse à bec jaune	asiatic lion	1004
Araqua-pintado	Löffelente	Clouded Leopard	1005
濡れ羽色	Pipit de Godlewski	COUGAR	1003
MACREUSE à bec jaune	Macreuse à bec jaune	Cheetah	1001
5	Araqua-pintado	Cheetah	1005
schneeweiß	Pipit de Godlewski	Cougar	1005
QtUYjnrt89--6	Macreuse à bec jaune	Cougar	1002
jaguar	LÖFFELENTE	Asiatic Cheetah	1005
QtUYjnrt89--l6	Pipit de Godlewski	leopard	1004
QtUYjnrt89--n	Pipit de Godlewski	Mountain Lion	1001
marreca-cabocla	Araqua-pintado	Asiatic Lion	1003
Macreuse à bec jaune	Pipit de Godlewski	Clouded Leopard	1005
QtUYjnrt89--u	löffelente	Asiatic Cheetah	1003
noir	Pipit de Godlewski	Cougar	1001
xz--21jt	Löffelente	COUGAR	1001
7	LÖFFELENTE	Cougar	1002
macreuse à bec jaune	Орёл	Cougar	1002
PORRÓN Islándico	Macreuse à bec jaune	Leopard	1003
PECHSCHWARZ	Орёл	Asiatic Cheetah	1005
AAAAA	Лебедь	COUGAR	1002
ICARIOIDES Blue	Löffelente	Cheetah	1001
QtUYjnrt89--5o	Marreca-cabocla	asiatic lion	1001
QtUYjnrt89--pv	Лебедь	Cougar	1001
QtUYjnrt89--h	Macreuse à bec jaune	Cheetah	1002
tüpfelsumpfhuhn	Pipit de Godlewski	Clouded Leopard	1004
ABABCDEF	Macreuse à bec jaune	asiatic lion	1003
СЕРЫЙ	LÖFFELENTE	Clouded Leopard	1005
Gulf Fritillary	LÖFFELENTE	leopard	1005
暗紅色/暗赤色	LÖFFELENTE	Mountain Lion	1003
DAINTY Sulphur	Macreuse à bec jaune	leopard	1001
1	Орёл	Clouded Leopard	1004
pipit de Godlewski	Macreuse à bec jaune	leopard	1005
QtUYjnrt89--s	Орёл	asiatic lion	1002
濡れ羽色	LÖFFELENTE	asiatic lion	1001
серый	löffelente	leopard	1002
QtUYjnrt89--x8	Silbón Europeo	Leopard	1001
QtUYjnrt89--3rtyu	Araqua-pintado	Cougar	1002
12345678907	Лебедь	Asiatic Cheetah	1002
Macreuse à bec jaune	löffelente	COUGAR	1002
INDRA Swallowtail	Araqua-pintado	Clouded Leopard	1001
martin Handford	Pipit de Godlewski	COUGAR	1001
Puffin des Baléares	Лебедь	asiatic lion	1004
QtUYjnrt89--9d	Орёл	COUGAR	1002
QtUYjnrt89--j4	Орёл	Cheetah	1003
лебедь	LÖFFELENTE	Cheetah	1003
JOHN Steinbeck	Silbón Europeo	Cougar	1002
The Mark of Zorro	Macreuse à bec jaune	Mountain Lion	1002
QtUYjnrt89--4	löffelente	Cougar	1001
Лебедь	LÖFFELENTE	Asiatic Lion	1003
Asiatic Cheetah,	Pipit de Godlewski	Cheetah	1005
Jaguar	Лебедь	Asiatic Lion	1002
Grünspan	Löffelente	leopard	1001
QtUYjnrt89--h	Macreuse à bec jaune	Cougar	1005
QtUYjnrt89--4	Лебедь	Asiatic Lion	1001
QtUYjnrt89--h	Лебедь	Cougar	1003
DAINTY Sulphur	Орёл	leopard	1001
QtUYjnrt89--q	Pipit de Godlewski	MOUNTAIN LION	1002
xz--21jr	LÖFFELENTE	Leopard	1002
QtUYjnrt89--8s	Macreuse à bec jaune	Cheetah	1004
QtUYjnrt89--3	Pipit de Godlewski	Asiatic Cheetah	1005
icarioides Blue	Macreuse à bec jaune	Leopard	1005
schneeweiß	löffelente	Mountain Lion	1001
clouded Leopard	Орёл	Clouded Leopard	1003
macreuse à bec jaune	Орёл	Mountain Lion	1003
QtUYjnrt89--c	Орёл	Leopard	1002
TÜPFELSUMPFHUHN	löffelente	leopard	1002
Weißwangengans	Pipit de Godlewski	Mountain Lion	1001
Arctic Skipper	Macreuse à bec jaune	asiatic lion	1001
Gray-Veined White	Silbón Europeo	Mountain Lion	1001
СЕРЫЙ	Silbón Europeo	Leopard	1001
12345678914	Pipit de Godlewski	MOUNTAIN LION	1001
Leopard	Pipit de Godlewski	Mountain Lion	1005
白湯	Löffelente	MOUNTAIN LION	1003
xz--21j8	LÖFFELENTE	Asiatic Lion	1003
QtUYjnrt89--9d	Marreca-cabocla	COUGAR	1005
СЕРЫЙ	Araqua-pintado	Mountain Lion	1005
QtUYjnrt89--o	Pipit de Godlewski	COUGAR	1001
William Peter Blatty	Marreca-cabocla	Leopard	1001
100003	Löffelente	Leopard	1001
QtUYjnrt89--5o	Macreuse à bec jaune	leopard	1005
PORRÓN Islándico	Pipit de Godlewski	MOUNTAIN LION	1005
100009	Pipit de Godlewski	Cheetah	1004
8	LÖFFELENTE	Cheetah	1001
MACREUSE à bec jaune	Pipit de Godlewski	Cheetah	1003
Macreuse à bec jaune	Marreca-cabocla	COUGAR	1002
QtUYjnrt89--g	LÖFFELENTE	leopard	1003
QtUYjnrt89--4	Araqua-pintado	Cougar	1004
TÜRKIS	Лебедь	COUGAR	1003
snow Leopard	Орёл	Mountain Lion	1004
СЕРЫЙ	Macreuse à bec jaune	Asiatic Cheetah	1003
жёлтый	Pipit de Godlewski	Cougar	1003
SILBÓN Europeo	Орёл	Cheetah	1001
xz--21jpq	Pipit de Godlewski	Clouded Leopard	1005
xz--21jl	löffelente	Leopard	1002
лебедь	Marreca-cabocla	Mountain Lion	1002
QtUYjnrt89--i	Орёл	Cheetah	1001
Lion	Pipit de Godlewski	MOUNTAIN LION	1001
kohlrabenschwarz	Löffelente	Asiatic Cheetah	1004
QtUYjnrt89--7	Орёл	Cheetah	1005
silbón Europeo	Pipit de Godlewski	Cheetah	1001
QtUYjnrt89--r	Лебедь	Leopard	1004
Sooty Copper	Marreca-cabocla	leopard	1002
Macreuse à bec jaune	Löffelente	Cheetah	1005
xz--21jj	Macreuse à bec jaune	Cougar	1005
12345678907	Silbón Europeo	Cheetah	1003
WEISSWANGENGANS	Marreca-cabocla	Leopard	1002
QtUYjnrt89--5	Löffelente	Cheetah	1003
xz--21jm	Silbón Europeo	Cheetah	1005
JOHN Steinbeck	Macreuse à bec jaune	Mountain Lion	1001
BEHR'S Hairstreak	löffelente	Asiatic Lion	1001
xz--21jf	löffelente	Leopard	1004
Behr's Hairstreak	Орёл	Asiatic Cheetah	1001
黄枯茶	Pipit de Godlewski	asiatic lion	1004
Asiatic Cheetah,	Орёл	MOUNTAIN LION	1001
the Grapes of Wrath	Araqua-pintado	Asiatic Cheetah	1001
xz--21j9	Pipit de Godlewski	leopard	1004
2	Лебедь	asiatic lion	1002
the Grapes of Wrath	Орёл	Leopard	1001
xz--21jl	Орёл	MOUNTAIN LION	1005
QtUYjnrt89--9d	Pipit de Godlewski	Cougar	1004
Лебедь	Pipit de Godlewski	Cheetah	1002
alfalfa Butterfly	Silbón Europeo	Leopard	1005
MALVASÍA Cabeciblanca	Pipit de Godlewski	Leopard	1004
SCHNEEWEISS	Löffelente	Asiatic Lion	1001
JOHN Steinbeck	Marreca-cabocla	Asiatic Cheetah	1004
EDITH'S Checkerspot	Pipit de Godlewski	Asiatic Cheetah	1005
濡れ羽色	Silbón Europeo	Leopard	1001
Jaguar	Pipit de Godlewski	asiatic lion	1001
xz--21j3	Marreca-cabocla	leopard	1004
snow Leopard	Araqua-pintado	COUGAR	1001
snow Leopard	löffelente	asiatic lion	1002
Araqua-pintado	Silbón Europeo	Asiatic Lion	1002
xz--21j9	löffelente	Asiatic Cheetah	1004
John Steinbeck	Pipit de Godlewski	Clouded Leopard	1002
濡れ羽色	Pipit de Godlewski	asiatic lion	1002
QtUYjnrt89--x	Pipit de Godlewski	Leopard	1003
12345678907	Лебедь	Leopard	1003
Tüpfelsumpfhuhn	Macreuse à bec jaune	Cougar	1004
The Mark of Zorro	Löffelente	Cheetah	1001
xz--21ju	Pipit de Godlewski	Asiatic Lion	1001
xz--21jj	Pipit de Godlewski	Asiatic Lion	1002
LION	Орёл	Clouded Leopard	1004
MACREUSE à bec jaune	Silbón Europeo	Cougar	1002
silbón Europeo	Marreca-cabocla	Asiatic Cheetah	1002
WEISSWANGENGANS	Marreca-cabocla	COUGAR	1001
Dune	Silbón Europeo	Cheetah	1003
xz--21jhi	Silbón Europeo	COUGAR	1005
QtUYjnrt89--t	Pipit de Godlewski	asiatic lion	1004
QtUYjnrt89--j	Pipit de Godlewski	Cougar	1004
Orange Sulphur	Macreuse à bec jaune	Asiatic Cheetah	1005
william Peter Blatty	Löffelente	Cheetah	1002
MACREUSE à bec jaune	LÖFFELENTE	Mountain Lion	1005
QtUYjnrt89--e	Лебедь	Asiatic Cheetah	1003
Malvasía Cabeciblanca	Pipit de Godlewski	COUGAR	1003
schneeweiß	Орёл	Leopard	1001
Tüpfelsumpfhuhn	LÖFFELENTE	asiatic lion	1001
лебедь	Pipit de Godlewski	Cheetah	1002
12345678912	Pipit de Godlewski	Cougar	1004
xz--21jx	Araqua-pintado	leopard	1002
AAAAA	Pipit de Godlewski	Clouded Leopard	1005
xz--21j0	Лебедь	Clouded Leopard	1001
QtUYjnrt89--j	Silbón Europeo	MOUNTAIN LION	1003
The Godfather	Pipit de Godlewski	Cougar	1001
noir	Macreuse à bec jaune	Cheetah	1003
12345678912	Pipit de Godlewski	Cheetah	1004
cougar	löffelente	Cheetah	1001
QtUYjnrt89--p	Löffelente	Cheetah	1003
xz--21jt	Pipit de Godlewski	Cheetah	1003
12345678917	Marreca-cabocla	Cheetah	1005
THE Mark of Zorro	Macreuse à bec jaune	Asiatic Cheetah	1005
白湯	Орёл	Cougar	1003
QtUYjnrt89--9	Marreca-cabocla	COUGAR	1004
SNOW Leopard	Marreca-cabocla	Asiatic Lion	1001
SCHNEEWEISS	Marreca-cabocla	Asiatic Cheetah	1002
THE Mark of Zorro	Pipit de Godlewski	asiatic lion	1003
WEISSWANGENGANS	Macreuse à bec jaune	Cougar	1002
EDITH'S Copper	Löffelente	Cheetah	1001
EDITH'S Copper	Pipit de Godlewski	Cheetah	1002
4	Marreca-cabocla	Cougar	1003
100003	Silbón Europeo	asiatic lion	1001
Lion	Орёл	leopard	1002
QtUYjnrt89--8	Araqua-pintado	Cougar	1004
12345678910	LÖFFELENTE	Mountain Lion	1005
5	LÖFFELENTE	leopard	1001
QtUYjnrt89--1	Löffelente	Cheetah	1003
Holly Blue	Pipit de Godlewski	Cheetah	1005
william Peter Blatty	Pipit de Godlewski	Clouded Leopard	1002
12345678912	Орёл	asiatic lion	1002
QtUYjnrt89--g	Pipit de Godlewski	Leopard	1002
12345678910	Marreca-cabocla	Cheetah	1004
xz--21jt	Macreuse à bec jaune	asiatic lion	1002
ABABCDEF	Лебедь	Cougar	1001
xz--21jg	Marreca-cabocla	Cheetah	1005
QtUYjnrt89--m	Pipit de Godlewski	leopard	1001
QtUYjnrt89--4i	Araqua-pintado	Cheetah	1003
QtUYjnrt89--g	löffelente	Asiatic Cheetah	1002
xz--21j8	Лебедь	Cheetah	1003
John Steinbeck	löffelente	Cougar	1004
PUFFIN des Baléares	Macreuse à bec jaune	Mountain Lion	1004
TÜPFELSUMPFHUHN	Орёл	COUGAR	1002
WILLIAM Peter Blatty	Araqua-pintado	Clouded Leopard	1001
dorado	Marreca-cabocla	Asiatic Cheetah	1004
QtUYjnrt89--2	Pipit de Godlewski	MOUNTAIN LION	1003
gulf Fritillary	Орёл	COUGAR	1003
xz--21j1	Macreuse à bec jaune	Cheetah	1001
QtUYjnrt89--c9	LÖFFELENTE	Asiatic Lion	1001
Silbón Europeo	Araqua-pintado	Mountain Lion	1001
THE Grapes of Wrath	Silbón Europeo	leopard	1002
xz--21j5	Marreca-cabocla	Cheetah	1003
porrón Islándico	löffelente	MOUNTAIN LION	1003
Richard Adams	Pipit de Godlewski	COUGAR	1002
12345678908	Silbón Europeo	COUGAR	1004
濡れ羽色	Pipit de Godlewski	Clouded Leopard	1005
5	Marreca-cabocla	Mountain Lion	1001
Pipit de Godlewski	Silbón Europeo	Asiatic Lion	1004
12345678916	löffelente	Cheetah	1005
12345678901	Pipit de Godlewski	Cheetah	1003
QtUYjnrt89--g	Pipit de Godlewski	leopard	1002
Macreuse à bec jaune	Лебедь	leopard	1002
Alfalfa Butterfly	Pipit de Godlewski	asiatic lion	1002
Dune	Pipit de Godlewski	Mountain Lion	1005
DAINTY Sulphur	Löffelente	Asiatic Lion	1002
ICARIOIDES Blue	Macreuse à bec jaune	Leopard	1001
QtUYjnrt89--g2	Pipit de Godlewski	Clouded Leopard	1004
noir	Орёл	Cougar	1003
12345678901	Marreca-cabocla	asiatic lion	1002
QtUYjnrt89--8s	Pipit de Godlewski	Asiatic Cheetah	1001
SCHNEEWEISS	Pipit de Godlewski	Cheetah	1002
gulf Fritillary	Орёл	MOUNTAIN LION	1005
QtUYjnrt89--c9	Pipit de Godlewski	Cougar	1001
xz--21j0	Лебедь	MOUNTAIN LION	1005
PEACOCK Butterfly	Araqua-pintado	Asiatic Lion	1003
Лебедь	Pipit de Godlewski	asiatic lion	1001
Macreuse à bec jaune	Löffelente	asiatic lion	1002
QtUYjnrt89--t	Pipit de Godlewski	Leopard	1002
12345678900	LÖFFELENTE	Clouded Leopard	1003
QtUYjnrt89--3rtyu	Marreca-cabocla	MOUNTAIN LION	1002
William Peter Blatty	Löffelente	Mountain Lion	1001
Ringle	Pipit de Godlewski	Cougar	1005
QtUYjnrt89--z7	Macreuse à bec jaune	Asiatic Lion	1002
QtUYjnrt89--o	LÖFFELENTE	Asiatic Lion	1002
QtUYjnrt89--c	Macreuse à bec jaune	Cheetah	1001
lion	löffelente	Cheetah	1005
xz--21j8	Pipit de Godlewski	leopard	1005
QtUYjnrt89--ab	Pipit de Godlewski	asiatic lion	1005
puffin des Baléares	Pipit de Godlewski	MOUNTAIN LION	1004
暗紅色/暗赤色	LÖFFELENTE	Cheetah	1001
Pipit de Godlewski	Silbón Europeo	MOUNTAIN LION	1003
indra Swallowtail	Macreuse à bec jaune	Leopard	1002
QtUYjnrt89--e	Löffelente	Mountain Lion	1005
QtUYjnrt89--rj	Pipit de Godlewski	leopard	1005
ICARIOIDES Blue	Pipit de Godlewski	leopard	1001
濡れ羽色	löffelente	Cheetah	1001
clouded Leopard	Löffelente	Cheetah	1003
xz--21jx	löffelente	Cheetah	1001
CLOUDED Leopard	Silbón Europeo	Cougar	1002
Peacock Butterfly	LÖFFELENTE	Asiatic Cheetah	1002
100009	LÖFFELENTE	Clouded Leopard	1003
Puffin des Baléares	Pipit de Godlewski	Clouded Leopard	1001
Arctic Skipper	Pipit de Godlewski	Clouded Leopard	1005
Peacock Butterfly	Лебедь	Cheetah	1003
3	Marreca-cabocla	Asiatic Lion	1005
xz--21j0	Лебедь	COUGAR	1001
indra Swallowtail	Marreca-cabocla	asiatic lion	1004
100003	Löffelente	Cougar	1004
QtUYjnrt89--l6	Лебедь	leopard	1003
12345678916	Pipit de Godlewski	Asiatic Lion	1003
Edith's Copper	Лебедь	Cheetah	1002
schneeweiß	Marreca-cabocla	Mountain Lion	1002
William Peter Blatty	Araqua-pintado	Cougar	1002
QtUYjnrt89--l6	Araqua-pintado	COUGAR	1003
濡れ羽色	löffelente	Cheetah	1002
黄枯茶	Löffelente	Leopard	1003
silbón Europeo	Орёл	Leopard	1004
SILBÓN Europeo	Лебедь	Mountain Lion	1002
grünspan	Löffelente	Asiatic Cheetah	1005
Воробей	Marreca-cabocla	Asiatic Lion	1005
COUGAR	Silbón Europeo	Cheetah	1003
Richard Adams	Орёл	Leopard	1005
QtUYjnrt89--m	Silbón Europeo	Asiatic Lion	1003
Malvasía Cabeciblanca	Löffelente	COUGAR	1004
QtUYjnrt89--z7	Pipit de Godlewski	MOUNTAIN LION	1004
TÜRKIS	Pipit de Godlewski	Mountain Lion	1005
QtUYjnrt89--n/	löffelente	leopard	1002
weißwangengans	Pipit de Godlewski	leopard	1001
QtUYjnrt89--yl	Лебедь	Mountain Lion	1001
william Peter Blatty	löffelente	Leopard	1001
QtUYjnrt89--c	Pipit de Godlewski	Leopard	1002
Malvasía Cabeciblanca	Macreuse à bec jaune	Mountain Lion	1002
12345678904	Орёл	Cheetah	1003
tüpfelsumpfhuhn	Pipit de Godlewski	Clouded Leopard	1002
QtUYjnrt89--c	Pipit de Godlewski	Cougar	1004
QtUYjnrt89--f1	Silbón Europeo	Cougar	1001
Pine White	Орёл	Clouded Leopard	1002
Arctic Skipper	Macreuse à bec jaune	Clouded Leopard	1001
ORANGE Sulphur	Silbón Europeo	leopard	1002
Aaaaa	Löffelente	Clouded Leopard	1002
Воробей	Pipit de Godlewski	Cheetah	1004
WILLIAM Peter Blatty	Лебедь	COUGAR	1005
Pine White	Pipit de Godlewski	Asiatic Cheetah	1005
PORRÓN Islándico	löffelente	MOUNTAIN LION	1003
xz--21j5	löffelente	COUGAR	1001
xz--21j8	LÖFFELENTE	Asiatic Lion	1004
黄枯茶	Araqua-pintado	leopard	1003
xz--21jt	Pipit de Godlewski	MOUNTAIN LION	1003
gulf Fritillary	LÖFFELENTE	asiatic lion	1002
QtUYjnrt89--3rtyu	löffelente	Asiatic Lion	1004
the Grapes of Wrath	LÖFFELENTE	leopard	1002
QtUYjnrt89--z	Pipit de Godlewski	Mountain Lion	1001
ARCTIC Skipper	Pipit de Godlewski	Cheetah	1003
QtUYjnrt89--x	Macreuse à bec jaune	leopard	1005
cougar	Орёл	Leopard	1005
the Mark of Zorro	Pipit de Godlewski	COUGAR	1003
Воробей	Silbón Europeo	leopard	1004
QtUYjnrt89--2	Macreuse à bec jaune	asiatic lion	1002
schneeweiß	Pipit de Godlewski	Asiatic Lion	1002
Malvasía Cabeciblanca	Silbón Europeo	Clouded Leopard	1002
GRÜNSPAN	Silbón Europeo	Cheetah	1001
SNOW Leopard	Лебедь	MOUNTAIN LION	1002
SNOW Leopard	Silbón Europeo	Asiatic Cheetah	1002
COUGAR	Marreca-cabocla	leopard	1001
Snow Leopard	Pipit de Godlewski	Asiatic Lion	1001
100007	Araqua-pintado	COUGAR	1003
alfalfa Butterfly	Macreuse à bec jaune	asiatic lion	1002
pipit de Godlewski	Pipit de Godlewski	Cheetah	1002
Edith's Checkerspot	Pipit de Godlewski	Cheetah	1001
behr's Hairstreak	Silbón Europeo	Asiatic Lion	1005
john Steinbeck	Орёл	Leopard	1004
ABABCDEF	Macreuse à bec jaune	Cheetah	1002
QtUYjnrt89--j4	Araqua-pintado	Mountain Lion	1003
QtUYjnrt89--d	Marreca-cabocla	Asiatic Lion	1003
Tüpfelsumpfhuhn	Pipit de Godlewski	Leopard	1005
QtUYjnrt89--c	Pipit de Godlewski	leopard	1004
ARAQUA-pintado	Лебедь	Mountain Lion	1001
Лебедь	Silbón Europeo	Clouded Leopard	1004
12345678903	löffelente	leopard	1003
12345678900	Pipit de Godlewski	Mountain Lion	1003
QtUYjnrt89--f1	löffelente	COUGAR	1002
puffin des Baléares	Лебедь	asiatic lion	1002
12345678906	Pipit de Godlewski	Leopard	1002
QtUYjnrt89--n/	löffelente	Asiatic Lion	1003
Lion	Löffelente	Cheetah	1004
QtUYjnrt89--w	Löffelente	MOUNTAIN LION	1004
QtUYjnrt89--2we	löffelente	COUGAR	1003
12345678920	Лебедь	Mountain Lion	1003
Gray-Veined White	Pipit de Godlewski	asiatic lion	1005
noir	Löffelente	COUGAR	1003
Orange Sulphur	Орёл	Cougar	1005
TÜRKIS	Macreuse à bec jaune	Cheetah	1002
The Grapes of Wrath	löffelente	Cougar	1001
Cougar	löffelente	Cheetah	1002
黄枯茶	LÖFFELENTE	Leopard	1001
QtUYjnrt89--7	Лебедь	Leopard	1005
Porrón Islándico	Pipit de Godlewski	Cheetah	1002
the Mark of Zorro	LÖFFELENTE	Cheetah	1001
QtUYjnrt89--wg	Pipit de Godlewski	Mountain Lion	1005
QtUYjnrt89--5	Pipit de Godlewski	Cougar	1005
snow Leopard	LÖFFELENTE	Asiatic Lion	1003
QtUYjnrt89--8s	Marreca-cabocla	Asiatic Lion	1005
macreuse à bec jaune	Лебедь	Clouded Leopard	1001
INDRA Swallowtail	löffelente	Cheetah	1003
QtUYjnrt89--i	Орёл	Cheetah	1001
xz--21jt	LÖFFELENTE	leopard	1003
schneeweiß	löffelente	Cougar	1003
СЕРЫЙ	Araqua-pintado	Asiatic Cheetah	1004
QtUYjnrt89--pv	Pipit de Godlewski	Asiatic Lion	1001
Lion	LÖFFELENTE	MOUNTAIN LION	1001
türkis	löffelente	Cougar	1001
kohlrabenschwarz	Pipit de Godlewski	Mountain Lion	1004
araqua-pintado	Araqua-pintado	Asiatic Lion	1003
grünspan	Löffelente	leopard	1001
john Steinbeck	Лебедь	MOUNTAIN LION	1004
6	LÖFFELENTE	Cheetah	1002
The Mark of Zorro	Marreca-cabocla	COUGAR	1001
pechschwarz	Marreca-cabocla	Cheetah	1004
QtUYjnrt89--f1	Silbón Europeo	Clouded Leopard	1002
QtUYjnrt89--9	Лебедь	Mountain Lion	1001
the Grapes of Wrath	Marreca-cabocla	Clouded Leopard	1003
QtUYjnrt89--d	löffelente	Clouded Leopard	1005
QtUYjnrt89--p	Löffelente	Asiatic Lion	1004
暗紅色/暗赤色	Pipit de Godlewski	leopard	1002
ASIATIC Cheetah,	LÖFFELENTE	Cheetah	1003
grünspan	Silbón Europeo	Mountain Lion	1003
The Godfather	LÖFFELENTE	Asiatic Lion	1001
12345678917	Macreuse à bec jaune	Asiatic Cheetah	1002
GRÜNSPAN	LÖFFELENTE	Leopard	1005
QtUYjnrt89--m	Pipit de Godlewski	Asiatic Cheetah	1004
QtUYjnrt89--c	Pipit de Godlewski	Cougar	1002
xz--21jt	Marreca-cabocla	Asiatic Lion	1002
Marreca-cabocla	Araqua-pintado	COUGAR	1001
indra Swallowtail	Silbón Europeo	Cougar	1001
pechschwarz	löffelente	asiatic lion	1001
Martin Handford	Macreuse à bec jaune	Leopard	1005
QtUYjnrt89--x8	Pipit de Godlewski	Leopard	1003
黄枯茶	Pipit de Godlewski	Leopard	1004
12345678908	Орёл	MOUNTAIN LION	1005
ALFALFA Butterfly	Marreca-cabocla	Cheetah	1005
QtUYjnrt89--4	Löffelente	Cheetah	1005
QtUYjnrt89--h3	Pipit de Godlewski	Leopard	1001
Silbón Europeo	Macreuse à bec jaune	Cheetah	1003
12345678914	löffelente	COUGAR	1001
QtUYjnrt89--z7	Macreuse à bec jaune	leopard	1002
Sooty Copper	löffelente	Leopard	1005
12345678920	Pipit de Godlewski	Cheetah	1004
schneeweiß	Pipit de Godlewski	Leopard	1004
лебедь	Macreuse à bec jaune	Clouded Leopard	1001
QtUYjnrt89--yl	Marreca-cabocla	Asiatic Cheetah	1003
QtUYjnrt89--1q	Pipit de Godlewski	MOUNTAIN LION	1002
QtUYjnrt89--oc	Marreca-cabocla	leopard	1003
QtUYjnrt89--v	Pipit de Godlewski	Asiatic Cheetah	1002
William Peter Blatty	LÖFFELENTE	MOUNTAIN LION	1002
xz--21jl	Marreca-cabocla	COUGAR	1004
暗紅色/暗赤色	Pipit de Godlewski	Mountain Lion	1001
Tüpfelsumpfhuhn	Pipit de Godlewski	Asiatic Cheetah	1001
12345678911	LÖFFELENTE	COUGAR	1001
behr's Hairstreak	Pipit de Godlewski	Cougar	1002
edith's Checkerspot	Araqua-pintado	leopard	1002
QtUYjnrt89--b	Лебедь	Cheetah	1001
12345678900	Pipit de Godlewski	leopard	1002
ARAQUA-pintado	Silbón Europeo	Leopard	1004
QtUYjnrt89--v,	Marreca-cabocla	Mountain Lion	1005
QtUYjnrt89--dm	Орёл	Cheetah	1005
xz--21jx	Pipit de Godlewski	asiatic lion	1002
暗紅色/暗赤色	Pipit de Godlewski	MOUNTAIN LION	1004
xz--21j9	Орёл	leopard	1002
100002	Pipit de Godlewski	Mountain Lion	1001
araqua-pintado	Pipit de Godlewski	Cougar	1003
QtUYjnrt89--o	Лебедь	Asiatic Lion	1004
黄枯茶	Löffelente	COUGAR	1002
12345678900	löffelente	Cheetah	1005
Marreca-cabocla	Pipit de Godlewski	Cheetah	1001
TÜPFELSUMPFHUHN	Лебедь	Leopard	1001
100007	Орёл	Mountain Lion	1001
QtUYjnrt89--p	Macreuse à bec jaune	Leopard	1003
12345678911	Macreuse à bec jaune	Mountain Lion	1002
Icarioides Blue	Macreuse à bec jaune	Asiatic Cheetah	1004
CLOUDED Leopard	Marreca-cabocla	Cheetah	1002
Asiatic Cheetah,	Löffelente	Asiatic Lion	1002
QtUYjnrt89--2	Araqua-pintado	leopard	1001
QtUYjnrt89--3	Pipit de Godlewski	Mountain Lion	1002
xz--21jo	Орёл	Clouded Leopard	1001
QtUYjnrt89--m;	Pipit de Godlewski	asiatic lion	1001
QtUYjnrt89--j	Pipit de Godlewski	MOUNTAIN LION	1005
12345678915	Pipit de Godlewski	MOUNTAIN LION	1004
porrón Islándico	Marreca-cabocla	Asiatic Lion	1002
Cougar	Орёл	leopard	1005
Holly Blue	löffelente	MOUNTAIN LION	1001
QtUYjnrt89--b.	Орёл	Cougar	1004
QtUYjnrt89--8s	Орёл	Cougar	1005
QtUYjnrt89--9	Орёл	Cheetah	1004
Alfalfa Butterfly	Pipit de Godlewski	Asiatic Lion	1002
Lion	Pipit de Godlewski	Cheetah	1001
暗紅色/暗赤色	Silbón Europeo	MOUNTAIN LION	1001
QtUYjnrt89--uz	Macreuse à bec jaune	COUGAR	1001
серый	Pipit de Godlewski	Cheetah	1005
QtUYjnrt89--k5	Pipit de Godlewski	Cheetah	1001
Pine White	Macreuse à bec jaune	Cheetah	1001
ALFALFA Butterfly	Marreca-cabocla	Leopard	1003
8	Pipit de Godlewski	asiatic lion	1002
100003	Marreca-cabocla	Mountain Lion	1003
kohlrabenschwarz	Macreuse à bec jaune	MOUNTAIN LION	1002
xz--21jf	Pipit de Godlewski	Cougar	1002
JAGUAR	Pipit de Godlewski	Clouded Leopard	1002
Pipit de Godlewski	Silbón Europeo	Asiatic Cheetah	1001
QtUYjnrt89--h	Pipit de Godlewski	Leopard	1004
100003	Macreuse à bec jaune	Asiatic Cheetah	1002
xz--21j2	LÖFFELENTE	Clouded Leopard	1003
QtUYjnrt89--b.	Лебедь	leopard	1001
xz--21j0	Silbón Europeo	Mountain Lion	1003
QtUYjnrt89--5o	Pipit de Godlewski	Cougar	1003
QtUYjnrt89--w	Лебедь	Cheetah	1001
xz--21jx	LÖFFELENTE	Asiatic Lion	1005
GRÜNSPAN	Орёл	MOUNTAIN LION	1002
9	Silbón Europeo	MOUNTAIN LION	1001
QtUYjnrt89--i	Löffelente	Cheetah	1001
MACREUSE à bec jaune	Marreca-cabocla	Clouded Leopard	1004
QtUYjnrt89--9d	LÖFFELENTE	Cheetah	1002
Gulf Fritillary	Орёл	MOUNTAIN LION	1002
MACREUSE à bec jaune	Лебедь	asiatic lion	1003
QtUYjnrt89--x8	Löffelente	Cheetah	1001
pechschwarz	Löffelente	MOUNTAIN LION	1003
Malvasía Cabeciblanca	Marreca-cabocla	Leopard	1005
QtUYjnrt89--5	Löffelente	Cheetah	1004
100007	löffelente	asiatic lion	1004
Dainty Sulphur	Pipit de Godlewski	Asiatic Cheetah	1003
xz--21j67	Araqua-pintado	Clouded Leopard	1004
QtUYjnrt89--p	LÖFFELENTE	Cheetah	1003
Aaaaa	Macreuse à bec jaune	leopard	1005
QtUYjnrt89--r	Pipit de Godlewski	MOUNTAIN LION	1001
CLOUDED Leopard	Орёл	MOUNTAIN LION	1001
GULF Fritillary	Macreuse à bec jaune	asiatic lion	1001
12345678916	Löffelente	COUGAR	1003
Лебедь	Pipit de Godlewski	Asiatic Cheetah	1005
лебедь	Silbón Europeo	COUGAR	1004
noir	Araqua-pintado	Cheetah	1004
白湯	Marreca-cabocla	Cheetah	1004
лебедь	Araqua-pintado	Asiatic Cheetah	1003
xz--21jabcde	Pipit de Godlewski	Leopard	1005
12345678900	Marreca-cabocla	Cheetah	1005
濡れ羽色	Орёл	asiatic lion	1002
QtUYjnrt89--c	Marreca-cabocla	asiatic lion	1004
Jaguar	Pipit de Godlewski	asiatic lion	1002
xz--21j4	Pipit de Godlewski	Leopard	1004
SOOTY Copper	Pipit de Godlewski	Asiatic Lion	1005
12345678909	Silbón Europeo	Cougar	1004
12345678909	Macreuse à bec jaune	Cheetah	1002
QtUYjnrt89--f	Löffelente	Asiatic Lion	1005
xz--21ju	LÖFFELENTE	asiatic lion	1002
GULF Fritillary	Silbón Europeo	MOUNTAIN LION	1001
QtUYjnrt89--sn	LÖFFELENTE	Leopard	1001
QtUYjnrt89--8s	Macreuse à bec jaune	Mountain Lion	1002
100005	Лебедь	Cheetah	1001
QtUYjnrt89--6	Silbón Europeo	Cougar	1005
ALFALFA Butterfly	Pipit de Godlewski	Mountain Lion	1004
xz--21jf	Орёл	COUGAR	1002
12345678912	löffelente	Leopard	1001
QtUYjnrt89--x8	Marreca-cabocla	Clouded Leopard	1003
xz--21jn	Silbón Europeo	Clouded Leopard	1005
Martin Handford	Pipit de Godlewski	COUGAR	1005
xz--21jw	Pipit de Godlewski	MOUNTAIN LION	1001
Grünspan	Орёл	Mountain Lion	1004
暗紅色/暗赤色	Macreuse à bec jaune	asiatic lion	1004
Puffin des Baléares	löffelente	Clouded Leopard	1003
Воробей	Орёл	Clouded Leopard	1005
3	Macreuse à bec jaune	Cheetah	1001
grünspan	Pipit de Godlewski	leopard	1002
schneeweiß	Araqua-pintado	Mountain Lion	1005
Dainty Sulphur	Araqua-pintado	Clouded Leopard	1002
4	Marreca-cabocla	Asiatic Lion	1005
QtUYjnrt89--u	Pipit de Godlewski	COUGAR	1003
araqua-pintado	Лебедь	Leopard	1001
icarioides Blue	Löffelente	Leopard	1004
QtUYjnrt89--c9	Лебедь	COUGAR	1001
edith's Checkerspot	LÖFFELENTE	Mountain Lion	1001
QtUYjnrt89--yl	Löffelente	Mountain Lion	1005
Gulf Fritillary	Pipit de Godlewski	Asiatic Cheetah	1002
4	Pipit de Godlewski	Asiatic Cheetah	1002
The Grapes of Wrath	löffelente	Cheetah	1004
12345678906	Pipit de Godlewski	asiatic lion	1005
xz--21jx	Орёл	COUGAR	1005
Aaaaa	Araqua-pintado	leopard	1004
12345678904	Marreca-cabocla	leopard	1003
QtUYjnrt89--w	Pipit de Godlewski	Mountain Lion	1005
xz--21j8	Pipit de Godlewski	Cheetah	1001
Cougar	Лебедь	Clouded Leopard	1001
EDITH'S Checkerspot	Macreuse à bec jaune	leopard	1002
Orange Sulphur	Орёл	MOUNTAIN LION	1001
macreuse à bec jaune	Araqua-pintado	leopard	1002
xz--21j4	Pipit de Godlewski	leopard	1002
QtUYjnrt89--sn	Pipit de Godlewski	asiatic lion	1002
xz--21jv	Pipit de Godlewski	COUGAR	1002
xz--21jk	Araqua-pintado	leopard	1001
tüpfelsumpfhuhn	Marreca-cabocla	Cheetah	1004
9	Marreca-cabocla	COUGAR	1005
QtUYjnrt89--g	Pipit de Godlewski	MOUNTAIN LION	1004
xz--21j4	Pipit de Godlewski	Cougar	1004
dorado	Marreca-cabocla	COUGAR	1005
macreuse à bec jaune	LÖFFELENTE	Mountain Lion	1005
QtUYjnrt89--pv	Araqua-pintado	Leopard	1002
SCHNEEWEISS	Araqua-pintado	MOUNTAIN LION	1003
THE Mark of Zorro	Löffelente	Asiatic Lion	1003
QtUYjnrt89--1	LÖFFELENTE	COUGAR	1001
QtUYjnrt89--i	LÖFFELENTE	leopard	1002
marreca-cabocla	Marreca-cabocla	Cougar	1005
QtUYjnrt89--pv	Pipit de Godlewski	Asiatic Cheetah	1004
12345678902	LÖFFELENTE	Cheetah	1005
xz--21jo	Marreca-cabocla	Leopard	1005
QtUYjnrt89--8	Marreca-cabocla	Cougar	1005
pipit de Godlewski	Macreuse à bec jaune	Leopard	1002
MACREUSE à bec jaune	Pipit de Godlewski	Cougar	1002
edith's Copper	Pipit de Godlewski	Cheetah	1001
THE Grapes of Wrath	löffelente	Cougar	1004
QtUYjnrt89--9	Araqua-pintado	MOUNTAIN LION	1003
QtUYjnrt89--7	LÖFFELENTE	Asiatic Cheetah	1004
Silbón Europeo	Лебедь	Asiatic Cheetah	1004
schneeweiß	löffelente	leopard	1002
Weißwangengans	Pipit de Godlewski	Cougar	1001
Araqua-pintado	LÖFFELENTE	Asiatic Lion	1005
QtUYjnrt89--6p	Araqua-pintado	Asiatic Lion	1001
MACREUSE à bec jaune	Macreuse à bec jaune	asiatic lion	1001
12345678908	Araqua-pintado	MOUNTAIN LION	1003
Pipit de Godlewski	LÖFFELENTE	COUGAR	1002
INDRA Swallowtail	Pipit de Godlewski	Mountain Lion	1001
12345678909	Pipit de Godlewski	COUGAR	1005
QtUYjnrt89--e	Лебедь	Leopard	1004
12345678916	Pipit de Godlewski	COUGAR	1005
the Grapes of Wrath	Marreca-cabocla	Cougar	1005
martin Handford	Pipit de Godlewski	asiatic lion	1005
AAAAA	Орёл	COUGAR	1001
QtUYjnrt89--w	Araqua-pintado	Mountain Lion	1002
12345678917	Silbón Europeo	Asiatic Lion	1003
xz--21j8	löffelente	COUGAR	1001
12345678908	Pipit de Godlewski	Cougar	1003
Martin Handford	Pipit de Godlewski	Cheetah	1004
Martin Handford	Silbón Europeo	Cougar	1002
orange Sulphur	Silbón Europeo	Leopard	1002
QtUYjnrt89--q	Marreca-cabocla	Leopard	1002
QtUYjnrt89--3rtyu	Marreca-cabocla	Asiatic Cheetah	1004
Pipit de Godlewsk	Marreca-cabocla	asiatic lion	1001
DAINTY Sulphur	Macreuse à bec jaune	MOUNTAIN LION	1003
QtUYjnrt89--sn	Löffelente	COUGAR	1001
xz--21js	Pipit de Godlewski	Leopard	1005
MACREUSE à bec jaune	Лебедь	Asiatic Lion	1001
Sooty Copper	Pipit de Godlewski	Cougar	1004
william Peter Blatty	Орёл	Clouded Leopard	1003
100005	Araqua-pintado	Cougar	1003
puffin des Baléares	Pipit de Godlewski	Cheetah	1002
CLOUDED Leopard	Silbón Europeo	leopard	1004
濡れ羽色	Орёл	Mountain Lion	1005
黄枯茶	Macreuse à bec jaune	Asiatic Cheetah	1005
QtUYjnrt89--y	Marreca-cabocla	MOUNTAIN LION	1005
ORANGE Sulphur	Löffelente	Cheetah	1003
QtUYjnrt89--f	Araqua-pintado	asiatic lion	1004
Aaaaa	Pipit de Godlewski	leopard	1003
QtUYjnrt89--2	löffelente	COUGAR	1002
QtUYjnrt89--b.	Pipit de Godlewski	asiatic lion	1001
濡れ羽色	Лебедь	leopard	1001
QtUYjnrt89--a	Löffelente	Mountain Lion	1002
INDRA Swallowtail	Лебедь	Cheetah	1005
QtUYjnrt89--e	Löffelente	leopard	1003
Macreuse à bec jaune	Pipit de Godlewski	COUGAR	1004
JOHN Steinbeck	Лебедь	COUGAR	1001
QtUYjnrt89--pv	löffelente	Clouded Leopard	1003
xz--21j3	Macreuse à bec jaune	leopard	1001
Icarioides Blue	Marreca-cabocla	Mountain Lion	1001
QtUYjnrt89--d	Pipit de Godlewski	Clouded Leopard	1002
dainty Sulphur	Marreca-cabocla	Cougar	1003
Araqua-pintado	Macreuse à bec jaune	asiatic lion	1001
TÜRKIS	Araqua-pintado	Cheetah	1001
Asiatic Cheetah,	Pipit de Godlewski	COUGAR	1005
QtUYjnrt89--6	Лебедь	MOUNTAIN LION	1004
QtUYjnrt89--c	Орёл	MOUNTAIN LION	1003
100009	Löffelente	Cheetah	1001
QtUYjnrt89--k	Pipit de Godlewski	Mountain Lion	1005
AAAAA	Araqua-pintado	Clouded Leopard	1005
QtUYjnrt89--k	löffelente	Mountain Lion	1002
QtUYjnrt89--n/	Marreca-cabocla	MOUNTAIN LION	1002
12345678920	Pipit de Godlewski	Cougar	1002
QtUYjnrt89--p	Macreuse à bec jaune	MOUNTAIN LION	1003
PEACOCK Butterfly	Silbón Europeo	Asiatic Lion	1005
12345678911	Macreuse à bec jaune	Cheetah	1004
TÜPFELSUMPFHUHN	LÖFFELENTE	Cougar	1001
schneeweiß	Орёл	COUGAR	1004
黄枯茶	Орёл	Clouded Leopard	1005
12345678906	Araqua-pintado	Mountain Lion	1005
QtUYjnrt89--j	Pipit de Godlewski	Asiatic Lion	1002
6	Marreca-cabocla	Cheetah	1004
QtUYjnrt89--z	Macreuse à bec jaune	MOUNTAIN LION	1001
MARRECA-cabocla	löffelente	leopard	1002
TÜPFELSUMPFHUHN	Löffelente	Cougar	1001
12345678908	Орёл	asiatic lion	1001
John Steinbeck	Araqua-pintado	Cheetah	1003
濡れ羽色	Marreca-cabocla	Asiatic Cheetah	1002
QtUYjnrt89--s	Орёл	Asiatic Cheetah	1001
schneeweiß	Pipit de Godlewski	Cougar	1002
pipit de Godlewski	Pipit de Godlewski	Cheetah	1005
100005	Pipit de Godlewski	Leopard	1002
100003	Löffelente	asiatic lion	1004
xz--21j9	Marreca-cabocla	MOUNTAIN LION	1004
Pipit de Godlewski	Marreca-cabocla	Clouded Leopard	1001
Snow Leopard	Pipit de Godlewski	Cougar	1002
xz--21jm	Лебедь	Asiatic Cheetah	1004
жёлтый	Pipit de Godlewski	leopard	1001
серый	Macreuse à bec jaune	COUGAR	1001
noir	Silbón Europeo	Clouded Leopard	1001
martin Handford	löffelente	Cheetah	1002
SNOW Leopard	Araqua-pintado	leopard	1003
12345678903	Silbón Europeo	leopard	1002
Holly Blue	Marreca-cabocla	Leopard	1001
lion	Лебедь	Cheetah	1001
xz--21jm	Silbón Europeo	Leopard	1005
4	Macreuse à bec jaune	asiatic lion	1005
Tüpfelsumpfhuhn	Pipit de Godlewski	Asiatic Lion	1002
xz--21j4	Pipit de Godlewski	MOUNTAIN LION	1002
The Godfather	Pipit de Godlewski	leopard	1001
Pipit de Godlewski	LÖFFELENTE	COUGAR	1001
gulf Fritillary	Лебедь	Leopard	1003
Indra Swallowtail	Pipit de Godlewski	leopard	1005
QtUYjnrt89--s	Macreuse à bec jaune	asiatic lion	1004
gulf Fritillary	Marreca-cabocla	Asiatic Lion	1002
fumée	Pipit de Godlewski	COUGAR	1003
xz--21j9	Орёл	Leopard	1003
12345678918	Macreuse à bec jaune	leopard	1004
Pipit de Godlewski	Pipit de Godlewski	COUGAR	1001
12345678918	Pipit de Godlewski	asiatic lion	1001
ARAQUA-pintado	Pipit de Godlewski	COUGAR	1004
GRÜNSPAN	Marreca-cabocla	Mountain Lion	1004
ababCDEF	Pipit de Godlewski	COUGAR	1001
SILBÓN Europeo	löffelente	asiatic lion	1003
The Grapes of Wrath	Лебедь	Leopard	1002
QtUYjnrt89--8s	Орёл	Cheetah	1001
QtUYjnrt89--oc	Macreuse à bec jaune	leopard	1003
Silbón Europeo	Silbón Europeo	asiatic lion	1001
clouded Leopard	Araqua-pintado	Asiatic Lion	1003
Malvasía Cabeciblanca	Pipit de Godlewski	MOUNTAIN LION	1001
MARRECA-cabocla	Лебедь	leopard	1004
TÜPFELSUMPFHUHN	Löffelente	Asiatic Lion	1003
QtUYjnrt89--h3	Löffelente	Asiatic Cheetah	1003
QtUYjnrt89--c	Silbón Europeo	MOUNTAIN LION	1002
the Grapes of Wrath	Pipit de Godlewski	MOUNTAIN LION	1004
The Mark of Zorro	Silbón Europeo	Asiatic Lion	1001
Leopard	Pipit de Godlewski	Asiatic Cheetah	1003
PEACOCK Butterfly	Лебедь	Asiatic Lion	1001
türkis	Pipit de Godlewski	Clouded Leopard	1001
MALVASÍA Cabeciblanca	Löffelente	Leopard	1004
xz--21jm	löffelente	asiatic lion	1004
12345678910	Marreca-cabocla	Mountain Lion	1002
dorado	Лебедь	Clouded Leopard	1004
The Godfather	Орёл	COUGAR	1005
QtUYjnrt89--b	Araqua-pintado	MOUNTAIN LION	1002
SCHNEEWEISS	Löffelente	Mountain Lion	1004
Sooty Copper	Лебедь	Cheetah	1004
xz--21jv	Silbón Europeo	asiatic lion	1003
QtUYjnrt89--h3	Орёл	Asiatic Cheetah	1003
THE Grapes of Wrath	Орёл	Asiatic Lion	1003
xz--21jm	löffelente	Asiatic Lion	1005
Grünspan	löffelente	Cheetah	1004
暗紅色/暗赤色	Лебедь	Cheetah	1004
SILBÓN Europeo	Marreca-cabocla	Clouded Leopard	1001
ARCTIC Skipper	Macreuse à bec jaune	asiatic lion	1003
12345678907	Pipit de Godlewski	Asiatic Cheetah	1005
the Grapes of Wrath	Silbón Europeo	Asiatic Cheetah	1001
behr's Hairstreak	Pipit de Godlewski	MOUNTAIN LION	1002
tüpfelsumpfhuhn	Pipit de Godlewski	Leopard	1003
暗紅色/暗赤色	Marreca-cabocla	Clouded Leopard	1001
白湯	Pipit de Godlewski	Cheetah	1004
pechschwarz	Löffelente	Asiatic Cheetah	1002
macreuse à bec jaune	Macreuse à bec jaune	Cheetah	1002
Tüpfelsumpfhuhn	Macreuse à bec jaune	COUGAR	1003
100003	LÖFFELENTE	Clouded Leopard	1002
QtUYjnrt89--k5	LÖFFELENTE	MOUNTAIN LION	1004
xz--21jt	Орёл	MOUNTAIN LION	1002
sooty Copper	Araqua-pintado	COUGAR	1002
türkis	Löffelente	COUGAR	1002
QtUYjnrt89--r	Löffelente	Leopard	1005
100005	LÖFFELENTE	Cougar	1005
100002	LÖFFELENTE	Mountain Lion	1002
QtUYjnrt89--q	LÖFFELENTE	MOUNTAIN LION	1005
edith's Checkerspot	Marreca-cabocla	Asiatic Lion	1002
xz--21jm	Pipit de Godlewski	Leopard	1003
jaguar	LÖFFELENTE	Cougar	1005
BEHR'S Hairstreak	Silbón Europeo	Asiatic Lion	1001
QtUYjnrt89--7	Silbón Europeo	MOUNTAIN LION	1003
xz--21j67	Marreca-cabocla	Mountain Lion	1002
Edith's Checkerspot	Silbón Europeo	Leopard	1005
QtUYjnrt89--k	Marreca-cabocla	MOUNTAIN LION	1003
QtUYjnrt89--k	Macreuse à bec jaune	COUGAR	1002
edith's Checkerspot	Орёл	Leopard	1003
Malvasía Cabeciblanca	Silbón Europeo	Leopard	1001
QtUYjnrt89--1	Marreca-cabocla	Mountain Lion	1001
QtUYjnrt89--m;	Pipit de Godlewski	Cheetah	1003
Indra Swallowtail	Pipit de Godlewski	Clouded Leopard	1001
GRAY-Veined White	Löffelente	leopard	1001
ЛЕБЕДЬ	Pipit de Godlewski	Leopard	1001
PIPIT de Godlewski	Pipit de Godlewski	COUGAR	1001
puffin des Baléares	löffelente	Mountain Lion	1004
QtUYjnrt89--yl	Орёл	Cheetah	1005
CLOUDED Leopard	Pipit de Godlewski	Cougar	1002
QtUYjnrt89--m;	Pipit de Godlewski	Leopard	1003
PUFFIN des Baléares	Pipit de Godlewski	COUGAR	1003
QtUYjnrt89--y	löffelente	MOUNTAIN LION	1001
weißwangengans	Pipit de Godlewski	Cheetah	1005
cougar	Орёл	Cheetah	1001
12345678915	Macreuse à bec jaune	MOUNTAIN LION	1001
dainty Sulphur	Лебедь	Cheetah	1003
THE Grapes of Wrath	Araqua-pintado	Mountain Lion	1003
martin Handford	Pipit de Godlewski	Cheetah	1001
SILBÓN Europeo	löffelente	Cheetah	1001
Watership Down	Löffelente	Cheetah	1005
jaguar	Pipit de Godlewski	Mountain Lion	1005
СЕРЫЙ	löffelente	Clouded Leopard	1004
edith's Copper	Pipit de Godlewski	asiatic lion	1004
黄枯茶	Araqua-pintado	MOUNTAIN LION	1003
xz--21j67	Лебедь	Cheetah	1004
QtUYjnrt89--e	Pipit de Godlewski	Cheetah	1004
QtUYjnrt89--t	Marreca-cabocla	Mountain Lion	1003
QtUYjnrt89--rj	löffelente	Leopard	1004
серый	löffelente	Cheetah	1001
QtUYjnrt89--g	Araqua-pintado	Leopard	1002
12345678902	Орёл	Asiatic Cheetah	1002
Green Comma	Орёл	leopard	1001
TÜPFELSUMPFHUHN	Pipit de Godlewski	Cougar	1001
snow Leopard	Орёл	leopard	1004
QtUYjnrt89--qf	Macreuse à bec jaune	Mountain Lion	1001
John Steinbeck	Araqua-pintado	Cougar	1001
INDRA Swallowtail	Орёл	Mountain Lion	1001
QtUYjnrt89--6p	Araqua-pintado	Cheetah	1005
lion	Löffelente	Cheetah	1004
MALVASÍA Cabeciblanca	Marreca-cabocla	Cheetah	1003
12345678920	Pipit de Godlewski	leopard	1003
AAAAA	Araqua-pintado	COUGAR	1002
QtUYjnrt89--i	Marreca-cabocla	asiatic lion	1004
QtUYjnrt89--3rtyu	Орёл	Cheetah	1001
tüpfelsumpfhuhn	Macreuse à bec jaune	Leopard	1004
ababCDEF	löffelente	leopard	1001
5	Pipit de Godlewski	Leopard	1001
QtUYjnrt89--u	löffelente	leopard	1005
Лебедь	Pipit de Godlewski	Asiatic Lion	1005
sooty Copper	Орёл	COUGAR	1004
Лебедь	löffelente	COUGAR	1004
QtUYjnrt89--m	Macreuse à bec jaune	Cougar	1001
pechschwarz	Pipit de Godlewski	COUGAR	1002
Puffin des Baléares	Лебедь	asiatic lion	1004
Edith's Checkerspot	löffelente	Asiatic Cheetah	1002
QtUYjnrt89--yl	löffelente	asiatic lion	1001
xz--21j2	löffelente	Cheetah	1001
黄枯茶	Pipit de Godlewski	Cougar	1002
PORRÓN Islándico	Araqua-pintado	Clouded Leopard	1001
Macreuse à bec jaune	Pipit de Godlewski	Asiatic Lion	1003
5	Marreca-cabocla	COUGAR	1002
QtUYjnrt89--z7	Löffelente	Cheetah	1002
QtUYjnrt89--6p	Macreuse à bec jaune	Mountain Lion	1001
QtUYjnrt89--4	Silbón Europeo	MOUNTAIN LION	1005
SNOW Leopard	Pipit de Godlewski	Mountain Lion	1005
100001	Araqua-pintado	MOUNTAIN LION	1001
12345678917	Pipit de Godlewski	Cheetah	1005
xz--21j9	Pipit de Godlewski	leopard	1001
orange Sulphur	Орёл	Clouded Leopard	1002
macreuse à bec jaune	Macreuse à bec jaune	Leopard	1003
xz--21jg	Silbón Europeo	Cheetah	1004
pechschwarz	Pipit de Godlewski	Cheetah	1001
Green Comma	Орёл	leopard	1001
QtUYjnrt89--q	Pipit de Godlewski	Cheetah	1004
QtUYjnrt89--l	Лебедь	Asiatic Cheetah	1001
Gray-Veined White	Marreca-cabocla	Cheetah	1005
noir	Araqua-pintado	Mountain Lion	1002
edith's Checkerspot	Araqua-pintado	Cheetah	1005
12345678916	Pipit de Godlewski	Cheetah	1004
QtUYjnrt89--u	Лебедь	asiatic lion	1002
schneeweiß	löffelente	COUGAR	1002
Indra Swallowtail	LÖFFELENTE	COUGAR	1004
QtUYjnrt89--5o	Орёл	Cougar	1001
MARRECA-cabocla	Löffelente	Cheetah	1005
MALVASÍA Cabeciblanca	Araqua-pintado	MOUNTAIN LION	1002
12345678902	Pipit de Godlewski	Clouded Leopard	1001
The Grapes of Wrath	Macreuse à bec jaune	Cheetah	1005
macreuse à bec jaune	Лебедь	COUGAR	1003
fumée	Pipit de Godlewski	Clouded Leopard	1001
PEACOCK Butterfly	Marreca-cabocla	COUGAR	1001
Ringle	Macreuse à bec jaune	Asiatic Cheetah	1002
QtUYjnrt89--h3	Pipit de Godlewski	Cheetah	1001
Peacock Butterfly	Macreuse à bec jaune	asiatic lion	1004
Araqua-pintado	Macreuse à bec jaune	Mountain Lion	1001
QtUYjnrt89--9	Löffelente	Clouded Leopard	1005
12345678905	Лебедь	Cougar	1004
xz--21j8	Pipit de Godlewski	Leopard	1005
Arctic Skipper	Pipit de Godlewski	COUGAR	1002
dorado	Pipit de Godlewski	Mountain Lion	1003
Dune	Pipit de Godlewski	leopard	1002
QtUYjnrt89--g2	Löffelente	Asiatic Cheetah	1004
12345678901	Marreca-cabocla	Asiatic Cheetah	1005
QtUYjnrt89--ab	Орёл	Asiatic Lion	1002
黄枯茶	Marreca-cabocla	Mountain Lion	1003
QtUYjnrt89--j4	Pipit de Godlewski	Asiatic Cheetah	1003
QtUYjnrt89--g	Pipit de Godlewski	Cheetah	1001
xz--21jabcde	Pipit de Godlewski	asiatic lion	1001
Edith's Copper	Araqua-pintado	Mountain Lion	1004
黄枯茶	Silbón Europeo	leopard	1004
QtUYjnrt89--h	Silbón Europeo	Cougar	1001
MARRECA-cabocla	löffelente	MOUNTAIN LION	1003
100004	Pipit de Godlewski	Leopard	1001
QtUYjnrt89--tk	Лебедь	leopard	1004
puffin des Baléares	Silbón Europeo	COUGAR	1004
porrón Islándico	Лебедь	asiatic lion	1005
5	LÖFFELENTE	MOUNTAIN LION	1002
Grünspan	Araqua-pintado	Asiatic Cheetah	1004
QtUYjnrt89--l	Marreca-cabocla	leopard	1001
The Mark of Zorro	löffelente	Cheetah	1005
grünspan	Araqua-pintado	Cheetah	1005
QtUYjnrt89--1	Silbón Europeo	Cheetah	1003
QtUYjnrt89--g2	Araqua-pintado	Mountain Lion	1003
白湯	Löffelente	Cheetah	1005
QtUYjnrt89--j4	Pipit de Godlewski	Cheetah	1004
Edith's Copper	Araqua-pintado	Asiatic Lion	1005
100006	Löffelente	Mountain Lion	1003
лебедь	löffelente	Mountain Lion	1001
QtUYjnrt89--ab	Marreca-cabocla	Mountain Lion	1003
ARAQUA-pintado	Pipit de Godlewski	Asiatic Lion	1003
暗紅色/暗赤色	Pipit de Godlewski	MOUNTAIN LION	1002
GRÜNSPAN	LÖFFELENTE	COUGAR	1002
ARCTIC Skipper	Pipit de Godlewski	COUGAR	1003
edith's Copper	Pipit de Godlewski	asiatic lion	1004
the Grapes of Wrath	Löffelente	Mountain Lion	1002
QtUYjnrt89--ix	Орёл	Mountain Lion	1004
xz--21jj	Silbón Europeo	Cougar	1004
ABABCDEF	Macreuse à bec jaune	Leopard	1004
Green Comma	Macreuse à bec jaune	Cougar	1002
Tüpfelsumpfhuhn	Pipit de Godlewski	asiatic lion	1003
白湯	Löffelente	Cougar	1002
QtUYjnrt89--i	Araqua-pintado	Clouded Leopard	1003
QtUYjnrt89--f	Silbón Europeo	COUGAR	1002
xz--21j3	Pipit de Godlewski	Leopard	1002
QtUYjnrt89--v,	Macreuse à bec jaune	Asiatic Lion	1002
INDRA Swallowtail	Pipit de Godlewski	Leopard	1004
12345678912	Лебедь	Asiatic Lion	1004
edith's Copper	Marreca-cabocla	Asiatic Cheetah	1004
Silbón Europeo	löffelente	Cheetah	1004
QtUYjnrt89--3	Pipit de Godlewski	MOUNTAIN LION	1003
xz--21js	Araqua-pintado	MOUNTAIN LION	1001
QtUYjnrt89--d	Marreca-cabocla	Leopard	1005
濡れ羽色	Орёл	Leopard	1003
schneeweiß	LÖFFELENTE	Asiatic Cheetah	1001
orange Sulphur	Орёл	Leopard	1002
clouded Leopard	Орёл	Cheetah	1001
QtUYjnrt89--8	Лебедь	MOUNTAIN LION	1003
xz--21jj	Löffelente	Cheetah	1001
Silbón Europeo	Araqua-pintado	leopard	1002
QtUYjnrt89--f1	löffelente	Mountain Lion	1002
QtUYjnrt89--i	Macreuse à bec jaune	Clouded Leopard	1004
gulf Fritillary	Орёл	Cheetah	1002
PUFFIN des Baléares	Pipit de Godlewski	leopard	1001
QtUYjnrt89--e	LÖFFELENTE	COUGAR	1003
QtUYjnrt89--k5	Marreca-cabocla	Asiatic Cheetah	1001
QtUYjnrt89--i	Pipit de Godlewski	Mountain Lion	1002
QtUYjnrt89--l6	LÖFFELENTE	Asiatic Cheetah	1002
QtUYjnrt89--y	Macreuse à bec jaune	Asiatic Lion	1002
LION	Marreca-cabocla	Leopard	1003
PEACOCK Butterfly	Löffelente	Cheetah	1001
icarioides Blue	Pipit de Godlewski	asiatic lion	1003
Malvasía Cabeciblanca	Silbón Europeo	Asiatic Lion	1001
