Orange-red	1002	Орёл	Cougar
pechschwarz	1005	Löffelente	Cougar
púrpura	1001	löffelente	Cheetah
Red-violet	1001	löffelente	asiatic lion
schneeweiß	1001	Pipit de Godlewski	Cheetah
rouge	1001	Silbón Europeo	Asiatic Cheetah
pechschwarz	1002	Macreuse à bec jaune	Asiatic Cheetah
pechschwarz	1001	Macreuse à bec jaune	Leopard
púrpura	1001	Pipit de Godlewski	Asiatic Lion
Red-violet	1003	löffelente	Clouded Leopard
púrpura	1003	Pipit de Godlewski	leopard
Orange-red	1005	Marreca-cabocla	Clouded Leopard
kohlrabenschwarz	1001	Pipit de Godlewski	MOUNTAIN LION
Rouge	1004	LÖFFELENTE	COUGAR
Púrpura	1003	LÖFFELENTE	MOUNTAIN LION
red-violet	1003	Araqua-pintado	Asiatic Lion
red-violet	1002	Macreuse à bec jaune	Mountain Lion
PÚRPURA	1003	Pipit de Godlewski	Mountain Lion
Red-violet	1002	Löffelente	Cougar
Red-violet	1002	Marreca-cabocla	MOUNTAIN LION
púrpura	1005	Macreuse à bec jaune	Asiatic Lion
rouge	1001	Орёл	Clouded Leopard
kohlrabenschwarz	1002	Macreuse à bec jaune	Asiatic Cheetah
Red-violet	1001	Орёл	COUGAR
schneeweiß	1001	Pipit de Godlewski	Cheetah
pechschwarz	1004	Лебедь	Asiatic Lion
púrpura	1003	Macreuse à bec jaune	asiatic lion
Red-violet	1001	Araqua-pintado	leopard
púrpura	1003	Pipit de Godlewski	leopard
Orange-red	1001	löffelente	Asiatic Lion
schneeweiß	1004	Pipit de Godlewski	Cheetah
pechschwarz	1003	Macreuse à bec jaune	Cheetah
kohlrabenschwarz	1005	Pipit de Godlewski	Leopard
Red-violet	1002	Орёл	Cheetah
schneeweiß	1003	Лебедь	Mountain Lion
Red-violet	1005	Лебедь	Cheetah
red-violet	1002	Лебедь	Leopard
PÚRPURA	1004	Macreuse à bec jaune	Cheetah
暗紅色/暗赤色	1002	Araqua-pintado	Mountain Lion
red-violet	1002	Marreca-cabocla	COUGAR
PÚRPURA	1004	Araqua-pintado	leopard
pechschwarz	1002	Araqua-pintado	Cheetah
pechschwarz	1001	Löffelente	Leopard
rouge	1003	löffelente	Mountain Lion
pechschwarz	1001	Орёл	MOUNTAIN LION
red-violet	1005	Pipit de Godlewski	leopard
暗紅色/暗赤色	1005	löffelente	Clouded Leopard
kohlrabenschwarz	1001	Лебедь	Clouded Leopard
暗紅色/暗赤色	1003	Araqua-pintado	Cheetah
Orange-red	1002	Löffelente	Cougar
pechschwarz	1001	LÖFFELENTE	Clouded Leopard
Orange-red	1001	LÖFFELENTE	MOUNTAIN LION
púrpura	1002	löffelente	Mountain Lion
PÚRPURA	1002	LÖFFELENTE	Leopard
kohlrabenschwarz	1005	Silbón Europeo	Leopard
Rouge	1002	Pipit de Godlewski	Cougar
rouge	1002	Орёл	asiatic lion
PÚRPURA	1005	Löffelente	Leopard
PÚRPURA	1002	löffelente	Mountain Lion
暗紅色/暗赤色	1004	Silbón Europeo	asiatic lion
kohlrabenschwarz	1001	Macreuse à bec jaune	MOUNTAIN LION
kohlrabenschwarz	1004	Лебедь	Cougar
púrpura	1002	Löffelente	Mountain Lion
暗紅色/暗赤色	1003	Marreca-cabocla	Cheetah
Púrpura	1001	Pipit de Godlewski	COUGAR
red-violet	1001	Araqua-pintado	Asiatic Lion
Orange-red	1003	LÖFFELENTE	MOUNTAIN LION
púrpura	1001	Pipit de Godlewski	asiatic lion
pechschwarz	1005	Pipit de Godlewski	Mountain Lion
pechschwarz	1002	Macreuse à bec jaune	asiatic lion
PÚRPURA	1002	Marreca-cabocla	Mountain Lion
schneeweiß	1003	Macreuse à bec jaune	Cheetah
schneeweiß	1001	Macreuse à bec jaune	Cheetah
Rouge	1003	Лебедь	Mountain Lion
púrpura	1004	löffelente	Asiatic Cheetah
schneeweiß	1005	Лебедь	Cougar
暗紅色/暗赤色	1004	Marreca-cabocla	leopard
Orange-red	1001	Pipit de Godlewski	asiatic lion
Orange-red	1002	Macreuse à bec jaune	leopard
kohlrabenschwarz	1002	Орёл	COUGAR
暗紅色/暗赤色	1004	Löffelente	Cheetah
rouge	1002	LÖFFELENTE	Asiatic Cheetah
Rouge	1001	Marreca-cabocla	Asiatic Lion
Púrpura	1004	Silbón Europeo	Clouded Leopard
pechschwarz	1002	Pipit de Godlewski	MOUNTAIN LION
暗紅色/暗赤色	1003	LÖFFELENTE	Cougar
Púrpura	1001	Pipit de Godlewski	asiatic lion
púrpura	1002	Macreuse à bec jaune	asiatic lion
rouge	1005	Pipit de Godlewski	Asiatic Cheetah
kohlrabenschwarz	1004	Pipit de Godlewski	Asiatic Cheetah
PÚRPURA	1005	löffelente	Cheetah
PÚRPURA	1002	Pipit de Godlewski	Asiatic Cheetah
暗紅色/暗赤色	1005	Löffelente	Mountain Lion
red-violet	1002	Орёл	MOUNTAIN LION
暗紅色/暗赤色	1001	Pipit de Godlewski	Clouded Leopard
schneeweiß	1003	Pipit de Godlewski	Mountain Lion
red-violet	1002	Pipit de Godlewski	Cheetah
Rouge	1001	Лебедь	Cheetah
púrpura	1005	löffelente	asiatic lion
PÚRPURA	1002	Löffelente	Asiatic Cheetah
Púrpura	1001	Лебедь	COUGAR
kohlrabenschwarz	1002	Лебедь	Mountain Lion
schneeweiß	1002	Silbón Europeo	Asiatic Cheetah
Orange-red	1005	LÖFFELENTE	Clouded Leopard
Rouge	1003	Silbón Europeo	asiatic lion
red-violet	1003	Pipit de Godlewski	MOUNTAIN LION
red-violet	1003	Löffelente	Mountain Lion
púrpura	1003	löffelente	Asiatic Cheetah
rouge	1001	Pipit de Godlewski	Mountain Lion
暗紅色/暗赤色	1002	Pipit de Godlewski	Leopard
red-violet	1001	Löffelente	leopard
rouge	1001	LÖFFELENTE	Asiatic Cheetah
rouge	1002	Marreca-cabocla	Leopard
Red-violet	1001	Araqua-pintado	Cheetah
kohlrabenschwarz	1003	LÖFFELENTE	Leopard
Rouge	1002	LÖFFELENTE	Clouded Leopard
púrpura	1002	Silbón Europeo	Leopard
Orange-red	1004	Macreuse à bec jaune	COUGAR
púrpura	1004	Pipit de Godlewski	Cheetah
púrpura	1001	Орёл	leopard
red-violet	1005	LÖFFELENTE	Cheetah
pechschwarz	1001	Araqua-pintado	Clouded Leopard
pechschwarz	1002	LÖFFELENTE	Cougar
Red-violet	1004	Орёл	leopard
Red-violet	1004	Лебедь	COUGAR
暗紅色/暗赤色	1001	LÖFFELENTE	asiatic lion
PÚRPURA	1002	Pipit de Godlewski	leopard
暗紅色/暗赤色	1003	Pipit de Godlewski	MOUNTAIN LION
kohlrabenschwarz	1003	Marreca-cabocla	asiatic lion
púrpura	1001	Pipit de Godlewski	Cheetah
PÚRPURA	1005	Pipit de Godlewski	leopard
kohlrabenschwarz	1005	Silbón Europeo	leopard
rouge	1001	Pipit de Godlewski	leopard
kohlrabenschwarz	1001	Marreca-cabocla	Cougar
red-violet	1002	löffelente	Cheetah
kohlrabenschwarz	1004	Macreuse à bec jaune	Cougar
schneeweiß	1002	Лебедь	Cheetah
pechschwarz	1002	Pipit de Godlewski	asiatic lion
PÚRPURA	1001	LÖFFELENTE	Asiatic Lion
púrpura	1005	Silbón Europeo	asiatic lion
Red-violet	1003	Marreca-cabocla	Cheetah
Orange-red	1002	Pipit de Godlewski	Leopard
kohlrabenschwarz	1005	Araqua-pintado	asiatic lion
Orange-red	1005	Орёл	Clouded Leopard
rouge	1003	Araqua-pintado	MOUNTAIN LION
púrpura	1003	Marreca-cabocla	Clouded Leopard
púrpura	1001	Marreca-cabocla	Clouded Leopard
schneeweiß	1005	Pipit de Godlewski	MOUNTAIN LION
Púrpura	1004	Marreca-cabocla	Cheetah
pechschwarz	1005	Pipit de Godlewski	COUGAR
kohlrabenschwarz	1004	Pipit de Godlewski	Cheetah
暗紅色/暗赤色	1001	Macreuse à bec jaune	asiatic lion
schneeweiß	1003	LÖFFELENTE	Leopard
rouge	1004	Орёл	Cheetah
PÚRPURA	1002	LÖFFELENTE	Cheetah
púrpura	1005	Marreca-cabocla	Clouded Leopard
暗紅色/暗赤色	1005	Silbón Europeo	leopard
schneeweiß	1005	Pipit de Godlewski	MOUNTAIN LION
PÚRPURA	1002	Орёл	Asiatic Cheetah
pechschwarz	1005	Орёл	Cheetah
pechschwarz	1001	Pipit de Godlewski	Leopard
Orange-red	1003	Marreca-cabocla	Cheetah
red-violet	1004	Орёл	Mountain Lion
Púrpura	1005	Pipit de Godlewski	COUGAR
PÚRPURA	1003	Löffelente	Clouded Leopard
Orange-red	1005	Орёл	Clouded Leopard
Red-violet	1002	Marreca-cabocla	Asiatic Cheetah
púrpura	1001	Орёл	leopard
Púrpura	1005	Pipit de Godlewski	Mountain Lion
púrpura	1003	Pipit de Godlewski	COUGAR
PÚRPURA	1003	Лебедь	Clouded Leopard
kohlrabenschwarz	1005	Pipit de Godlewski	Cheetah
Púrpura	1002	Pipit de Godlewski	asiatic lion
暗紅色/暗赤色	1004	Лебедь	Cheetah
Rouge	1002	Marreca-cabocla	leopard
Rouge	1002	Лебедь	MOUNTAIN LION
rouge	1001	löffelente	leopard
Rouge	1001	Marreca-cabocla	Cheetah
schneeweiß	1004	Löffelente	Asiatic Lion
schneeweiß	1005	Лебедь	Cheetah
púrpura	1004	Silbón Europeo	Leopard
red-violet	1001	LÖFFELENTE	Clouded Leopard
PÚRPURA	1003	LÖFFELENTE	Mountain Lion
暗紅色/暗赤色	1002	Pipit de Godlewski	Mountain Lion
red-violet	1005	LÖFFELENTE	Cheetah
schneeweiß	1003	Лебедь	Clouded Leopard
schneeweiß	1001	löffelente	Cheetah
rouge	1002	Marreca-cabocla	leopard
Red-violet	1001	Macreuse à bec jaune	Asiatic Cheetah
Orange-red	1002	Araqua-pintado	Cheetah
暗紅色/暗赤色	1001	Marreca-cabocla	Asiatic Cheetah
PÚRPURA	1001	LÖFFELENTE	Asiatic Cheetah
PÚRPURA	1001	Pipit de Godlewski	Cheetah
schneeweiß	1001	LÖFFELENTE	leopard
PÚRPURA	1005	LÖFFELENTE	Clouded Leopard
kohlrabenschwarz	1002	LÖFFELENTE	MOUNTAIN LION
PÚRPURA	1004	Pipit de Godlewski	Clouded Leopard
Púrpura	1002	Silbón Europeo	Cougar
Red-violet	1002	Лебедь	Leopard
pechschwarz	1002	Marreca-cabocla	Cougar
púrpura	1005	Araqua-pintado	Leopard
schneeweiß	1005	Pipit de Godlewski	Cheetah
schneeweiß	1001	Silbón Europeo	Clouded Leopard
kohlrabenschwarz	1001	Pipit de Godlewski	Asiatic Lion
púrpura	1003	LÖFFELENTE	MOUNTAIN LION
red-violet	1001	Pipit de Godlewski	Cheetah
rouge	1005	Pipit de Godlewski	asiatic lion
rouge	1005	Pipit de Godlewski	Clouded Leopard
暗紅色/暗赤色	1005	Marreca-cabocla	asiatic lion
schneeweiß	1003	Macreuse à bec jaune	Clouded Leopard
pechschwarz	1005	Pipit de Godlewski	leopard
Rouge	1001	Silbón Europeo	Cheetah
schneeweiß	1003	Silbón Europeo	Clouded Leopard
kohlrabenschwarz	1001	Araqua-pintado	Cheetah
Púrpura	1001	Орёл	Asiatic Lion
Orange-red	1004	Pipit de Godlewski	Mountain Lion
púrpura	1004	Pipit de Godlewski	asiatic lion
Rouge	1002	Silbón Europeo	Clouded Leopard
schneeweiß	1005	Silbón Europeo	MOUNTAIN LION
Orange-red	1001	LÖFFELENTE	Leopard
kohlrabenschwarz	1005	Araqua-pintado	MOUNTAIN LION
púrpura	1002	Pipit de Godlewski	Cheetah
red-violet	1001	Marreca-cabocla	asiatic lion
PÚRPURA	1002	Silbón Europeo	Asiatic Cheetah
rouge	1003	löffelente	Cougar
暗紅色/暗赤色	1004	Pipit de Godlewski	Clouded Leopard
Rouge	1004	Marreca-cabocla	Cheetah
schneeweiß	1001	Pipit de Godlewski	leopard
red-violet	1002	LÖFFELENTE	Cheetah
púrpura	1001	Löffelente	Cougar
暗紅色/暗赤色	1003	Macreuse à bec jaune	COUGAR
暗紅色/暗赤色	1001	Орёл	asiatic lion
Red-violet	1002	Löffelente	leopard
púrpura	1002	Pipit de Godlewski	Clouded Leopard
Red-violet	1003	Pipit de Godlewski	Cougar
red-violet	1002	Marreca-cabocla	leopard
PÚRPURA	1001	Araqua-pintado	Mountain Lion
pechschwarz	1003	LÖFFELENTE	Asiatic Lion
red-violet	1002	Araqua-pintado	leopard
Orange-red	1002	Macreuse à bec jaune	COUGAR
rouge	1001	Löffelente	Mountain Lion
暗紅色/暗赤色	1004	Pipit de Godlewski	leopard
rouge	1004	Pipit de Godlewski	Cheetah
kohlrabenschwarz	1005	Macreuse à bec jaune	Asiatic Lion
kohlrabenschwarz	1003	Pipit de Godlewski	Cheetah
暗紅色/暗赤色	1003	Pipit de Godlewski	leopard
kohlrabenschwarz	1004	Marreca-cabocla	asiatic lion
rouge	1002	Marreca-cabocla	Leopard
rouge	1004	Silbón Europeo	MOUNTAIN LION
暗紅色/暗赤色	1004	Marreca-cabocla	Cheetah
PÚRPURA	1003	Araqua-pintado	leopard
PÚRPURA	1001	LÖFFELENTE	Mountain Lion
PÚRPURA	1002	Pipit de Godlewski	MOUNTAIN LION
Púrpura	1002	Araqua-pintado	MOUNTAIN LION
Púrpura	1001	Лебедь	Mountain Lion
kohlrabenschwarz	1002	Marreca-cabocla	Cougar
Red-violet	1001	Löffelente	Asiatic Cheetah
Púrpura	1001	Pipit de Godlewski	Cougar
PÚRPURA	1001	Silbón Europeo	Asiatic Lion
Rouge	1003	Löffelente	MOUNTAIN LION
Rouge	1001	Silbón Europeo	COUGAR
red-violet	1002	Орёл	Mountain Lion
Púrpura	1004	Araqua-pintado	Cougar
kohlrabenschwarz	1003	Лебедь	Asiatic Cheetah
rouge	1002	Pipit de Godlewski	Cheetah
kohlrabenschwarz	1003	Araqua-pintado	Mountain Lion
Orange-red	1001	LÖFFELENTE	Asiatic Cheetah
púrpura	1002	Pipit de Godlewski	Mountain Lion
red-violet	1003	Löffelente	Cougar
schneeweiß	1003	Pipit de Godlewski	Mountain Lion
PÚRPURA	1001	Macreuse à bec jaune	asiatic lion
Orange-red	1003	Marreca-cabocla	Leopard
rouge	1002	Silbón Europeo	Cheetah
schneeweiß	1002	Pipit de Godlewski	Cougar
Púrpura	1005	Pipit de Godlewski	Cougar
暗紅色/暗赤色	1004	Pipit de Godlewski	Cheetah
schneeweiß	1001	LÖFFELENTE	COUGAR
schneeweiß	1001	löffelente	Asiatic Cheetah
Red-violet	1005	Pipit de Godlewski	Asiatic Cheetah
Red-violet	1002	Pipit de Godlewski	Mountain Lion
púrpura	1002	Лебедь	Cheetah
pechschwarz	1001	Pipit de Godlewski	Cheetah
púrpura	1002	Pipit de Godlewski	Clouded Leopard
暗紅色/暗赤色	1002	Marreca-cabocla	asiatic lion
Púrpura	1004	Silbón Europeo	Clouded Leopard
暗紅色/暗赤色	1003	Macreuse à bec jaune	MOUNTAIN LION
púrpura	1002	Marreca-cabocla	asiatic lion
Red-violet	1001	Орёл	COUGAR
Red-violet	1005	löffelente	MOUNTAIN LION
schneeweiß	1004	Araqua-pintado	Cheetah
rouge	1004	Araqua-pintado	leopard
schneeweiß	1002	Marreca-cabocla	Leopard
PÚRPURA	1002	Орёл	MOUNTAIN LION
rouge	1005	Macreuse à bec jaune	Clouded Leopard
kohlrabenschwarz	1005	Araqua-pintado	Cheetah
púrpura	1002	Macreuse à bec jaune	Cheetah
Púrpura	1002	LÖFFELENTE	COUGAR
Orange-red	1002	Macreuse à bec jaune	Asiatic Cheetah
Red-violet	1005	LÖFFELENTE	asiatic lion
暗紅色/暗赤色	1004	Pipit de Godlewski	Clouded Leopard
rouge	1003	Marreca-cabocla	MOUNTAIN LION
rouge	1002	Marreca-cabocla	Mountain Lion
púrpura	1004	löffelente	Clouded Leopard
Red-violet	1003	Pipit de Godlewski	Cougar
Red-violet	1003	LÖFFELENTE	MOUNTAIN LION
PÚRPURA	1002	Araqua-pintado	Cheetah
Orange-red	1005	Löffelente	Mountain Lion
暗紅色/暗赤色	1004	Орёл	asiatic lion
schneeweiß	1003	Pipit de Godlewski	Asiatic Lion
PÚRPURA	1004	Pipit de Godlewski	Cheetah
Púrpura	1001	Pipit de Godlewski	Asiatic Lion
pechschwarz	1001	Pipit de Godlewski	Asiatic Cheetah
Red-violet	1003	Pipit de Godlewski	Clouded Leopard
rouge	1001	Silbón Europeo	COUGAR
Red-violet	1003	Löffelente	Asiatic Cheetah
Red-violet	1005	Silbón Europeo	Cougar
pechschwarz	1003	löffelente	Asiatic Cheetah
pechschwarz	1001	löffelente	Asiatic Cheetah
Orange-red	1002	Araqua-pintado	Leopard
Red-violet	1003	Löffelente	leopard
púrpura	1003	Marreca-cabocla	Cougar
PÚRPURA	1001	Löffelente	COUGAR
Red-violet	1002	Marreca-cabocla	Cheetah
Red-violet	1002	Pipit de Godlewski	Asiatic Lion
暗紅色/暗赤色	1002	löffelente	Cheetah
Rouge	1003	löffelente	Cheetah
pechschwarz	1003	löffelente	Clouded Leopard
púrpura	1003	Pipit de Godlewski	Cheetah
red-violet	1003	Araqua-pintado	MOUNTAIN LION
Red-violet	1001	Лебедь	Asiatic Lion
Púrpura	1002	Pipit de Godlewski	COUGAR
pechschwarz	1005	Орёл	Cougar
pechschwarz	1004	LÖFFELENTE	Cheetah
PÚRPURA	1001	Pipit de Godlewski	Leopard
red-violet	1002	Marreca-cabocla	COUGAR
kohlrabenschwarz	1002	Macreuse à bec jaune	Asiatic Cheetah
schneeweiß	1001	Silbón Europeo	Cheetah
Púrpura	1005	Pipit de Godlewski	Cougar
schneeweiß	1002	Pipit de Godlewski	Leopard
暗紅色/暗赤色	1004	Лебедь	Leopard
schneeweiß	1003	Macreuse à bec jaune	Cheetah
rouge	1001	Marreca-cabocla	Asiatic Cheetah
rouge	1003	Silbón Europeo	Asiatic Cheetah
Púrpura	1002	LÖFFELENTE	Cheetah
pechschwarz	1001	Орёл	Clouded Leopard
Orange-red	1001	Pipit de Godlewski	Clouded Leopard
púrpura	1001	Лебедь	MOUNTAIN LION
kohlrabenschwarz	1005	Silbón Europeo	Mountain Lion
Rouge	1001	Лебедь	Asiatic Lion
schneeweiß	1004	Marreca-cabocla	Asiatic Lion
Púrpura	1001	Лебедь	Cheetah
PÚRPURA	1003	Silbón Europeo	Asiatic Lion
PÚRPURA	1002	Macreuse à bec jaune	Asiatic Cheetah
pechschwarz	1002	Araqua-pintado	asiatic lion
Orange-red	1002	Лебедь	Clouded Leopard
rouge	1004	Silbón Europeo	asiatic lion
pechschwarz	1005	Pipit de Godlewski	Asiatic Lion
Orange-red	1001	Löffelente	Leopard
Púrpura	1002	Macreuse à bec jaune	asiatic lion
red-violet	1002	Pipit de Godlewski	Cougar
schneeweiß	1002	Löffelente	Cougar
pechschwarz	1001	Pipit de Godlewski	Cougar
rouge	1005	Лебедь	Leopard
Púrpura	1005	löffelente	MOUNTAIN LION
kohlrabenschwarz	1002	Pipit de Godlewski	Cheetah
kohlrabenschwarz	1003	Araqua-pintado	asiatic lion
PÚRPURA	1005	Орёл	Cheetah
rouge	1005	Лебедь	Asiatic Cheetah
púrpura	1001	Löffelente	Mountain Lion
PÚRPURA	1001	Лебедь	Cheetah
Orange-red	1003	Pipit de Godlewski	MOUNTAIN LION
Red-violet	1001	löffelente	Clouded Leopard
pechschwarz	1004	Marreca-cabocla	Cheetah
schneeweiß	1002	Pipit de Godlewski	MOUNTAIN LION
Púrpura	1005	Pipit de Godlewski	Cheetah
red-violet	1001	Marreca-cabocla	leopard
Púrpura	1001	Macreuse à bec jaune	leopard
rouge	1001	Löffelente	asiatic lion
Red-violet	1004	Marreca-cabocla	Asiatic Lion
Rouge	1004	Marreca-cabocla	Leopard
Púrpura	1004	Silbón Europeo	Mountain Lion
Orange-red	1003	Лебедь	Asiatic Lion
red-violet	1004	Löffelente	Cheetah
Orange-red	1001	Marreca-cabocla	leopard
暗紅色/暗赤色	1003	Araqua-pintado	Mountain Lion
Red-violet	1001	Pipit de Godlewski	Clouded Leopard
rouge	1001	löffelente	leopard
rouge	1001	Silbón Europeo	Mountain Lion
PÚRPURA	1005	Macreuse à bec jaune	Cheetah
Orange-red	1003	Macreuse à bec jaune	Cheetah
red-violet	1001	Орёл	Cougar
Red-violet	1004	Macreuse à bec jaune	Asiatic Cheetah
rouge	1005	Pipit de Godlewski	Asiatic Cheetah
pechschwarz	1005	Pipit de Godlewski	Asiatic Cheetah
schneeweiß	1001	Pipit de Godlewski	asiatic lion
rouge	1005	Орёл	COUGAR
pechschwarz	1002	Pipit de Godlewski	COUGAR
rouge	1005	Silbón Europeo	COUGAR
PÚRPURA	1002	Лебедь	asiatic lion
暗紅色/暗赤色	1001	Pipit de Godlewski	Mountain Lion
kohlrabenschwarz	1004	Pipit de Godlewski	Clouded Leopard
暗紅色/暗赤色	1001	Орёл	Cougar
púrpura	1003	Löffelente	Asiatic Lion
PÚRPURA	1002	Орёл	leopard
Red-violet	1003	löffelente	Asiatic Cheetah
schneeweiß	1002	Pipit de Godlewski	Mountain Lion
Orange-red	1002	LÖFFELENTE	Clouded Leopard
schneeweiß	1001	Pipit de Godlewski	leopard
Red-violet	1003	Macreuse à bec jaune	asiatic lion
暗紅色/暗赤色	1003	löffelente	Asiatic Lion
PÚRPURA	1001	Орёл	Clouded Leopard
pechschwarz	1001	Лебедь	MOUNTAIN LION
Púrpura	1001	Araqua-pintado	MOUNTAIN LION
Orange-red	1005	LÖFFELENTE	COUGAR
暗紅色/暗赤色	1002	Pipit de Godlewski	leopard
Púrpura	1001	Silbón Europeo	Asiatic Lion
púrpura	1002	Орёл	Cheetah
Rouge	1001	Лебедь	Leopard
red-violet	1005	Pipit de Godlewski	Asiatic Lion
rouge	1001	Лебедь	Asiatic Lion
暗紅色/暗赤色	1001	löffelente	leopard
kohlrabenschwarz	1002	Орёл	Asiatic Lion
kohlrabenschwarz	1004	Лебедь	Asiatic Lion
Red-violet	1002	Pipit de Godlewski	MOUNTAIN LION
Púrpura	1002	Pipit de Godlewski	Leopard
schneeweiß	1004	Araqua-pintado	Cougar
暗紅色/暗赤色	1004	Marreca-cabocla	Mountain Lion
kohlrabenschwarz	1004	Pipit de Godlewski	Cheetah
Púrpura	1004	Pipit de Godlewski	Leopard
Orange-red	1002	Pipit de Godlewski	Asiatic Cheetah
rouge	1003	Silbón Europeo	asiatic lion
Rouge	1003	Araqua-pintado	Cheetah
púrpura	1004	Silbón Europeo	Clouded Leopard
Orange-red	1002	LÖFFELENTE	Leopard
kohlrabenschwarz	1004	löffelente	Asiatic Lion
Orange-red	1004	löffelente	Leopard
rouge	1002	Орёл	Asiatic Lion
red-violet	1001	Лебедь	Leopard
red-violet	1003	Pipit de Godlewski	Cheetah
Red-violet	1005	LÖFFELENTE	leopard
Rouge	1004	Araqua-pintado	Leopard
kohlrabenschwarz	1005	Орёл	Mountain Lion
PÚRPURA	1005	Araqua-pintado	Cougar
red-violet	1001	Pipit de Godlewski	leopard
Red-violet	1002	Pipit de Godlewski	asiatic lion
Rouge	1002	Pipit de Godlewski	Leopard
Orange-red	1002	Silbón Europeo	asiatic lion
púrpura	1002	Silbón Europeo	Leopard
暗紅色/暗赤色	1004	LÖFFELENTE	Clouded Leopard
schneeweiß	1004	Лебедь	asiatic lion
schneeweiß	1005	Silbón Europeo	Asiatic Lion
暗紅色/暗赤色	1001	Pipit de Godlewski	Cheetah
pechschwarz	1005	LÖFFELENTE	asiatic lion
暗紅色/暗赤色	1005	Pipit de Godlewski	asiatic lion
rouge	1002	Pipit de Godlewski	MOUNTAIN LION
pechschwarz	1002	Pipit de Godlewski	COUGAR
Red-violet	1004	Marreca-cabocla	Asiatic Lion
schneeweiß	1003	Löffelente	Leopard
púrpura	1005	Macreuse à bec jaune	MOUNTAIN LION
暗紅色/暗赤色	1001	löffelente	Leopard
Púrpura	1004	Macreuse à bec jaune	asiatic lion
Púrpura	1005	löffelente	COUGAR
rouge	1001	LÖFFELENTE	Asiatic Cheetah
kohlrabenschwarz	1002	Macreuse à bec jaune	asiatic lion
暗紅色/暗赤色	1004	Орёл	Cheetah
Púrpura	1004	Silbón Europeo	Clouded Leopard
Rouge	1005	Macreuse à bec jaune	Leopard
schneeweiß	1001	Pipit de Godlewski	Asiatic Lion
暗紅色/暗赤色	1002	Silbón Europeo	Leopard
暗紅色/暗赤色	1003	Орёл	Asiatic Cheetah
schneeweiß	1005	Araqua-pintado	Cougar
pechschwarz	1005	Marreca-cabocla	Leopard
kohlrabenschwarz	1005	Araqua-pintado	Cheetah
Orange-red	1001	Macreuse à bec jaune	asiatic lion
pechschwarz	1001	Pipit de Godlewski	Leopard
pechschwarz	1003	Marreca-cabocla	Asiatic Lion
Orange-red	1002	Pipit de Godlewski	COUGAR
schneeweiß	1001	Pipit de Godlewski	Clouded Leopard
暗紅色/暗赤色	1005	Marreca-cabocla	Clouded Leopard
Red-violet	1003	Araqua-pintado	Asiatic Cheetah
rouge	1005	Лебедь	asiatic lion
rouge	1005	Pipit de Godlewski	Cougar
Orange-red	1003	Pipit de Godlewski	Asiatic Lion
PÚRPURA	1001	Löffelente	Clouded Leopard
Rouge	1004	Орёл	Cheetah
red-violet	1001	Macreuse à bec jaune	Cheetah
Orange-red	1003	Löffelente	Cheetah
Rouge	1003	Löffelente	Clouded Leopard
pechschwarz	1001	Орёл	Clouded Leopard
Rouge	1001	Silbón Europeo	Cougar
PÚRPURA	1004	LÖFFELENTE	MOUNTAIN LION
暗紅色/暗赤色	1003	Орёл	COUGAR
púrpura	1004	Орёл	Leopard
Red-violet	1002	Araqua-pintado	MOUNTAIN LION
schneeweiß	1003	Macreuse à bec jaune	Mountain Lion
kohlrabenschwarz	1002	löffelente	leopard
schneeweiß	1003	Орёл	Leopard
red-violet	1004	Marreca-cabocla	Cheetah
Red-violet	1001	Pipit de Godlewski	leopard
Rouge	1002	Pipit de Godlewski	Mountain Lion
Púrpura	1002	LÖFFELENTE	asiatic lion
schneeweiß	1001	Löffelente	MOUNTAIN LION
pechschwarz	1005	Macreuse à bec jaune	COUGAR
Orange-red	1004	Löffelente	COUGAR
kohlrabenschwarz	1001	LÖFFELENTE	asiatic lion
pechschwarz	1003	Macreuse à bec jaune	Asiatic Lion
Orange-red	1001	Löffelente	COUGAR
schneeweiß	1002	Löffelente	Asiatic Cheetah
Orange-red	1005	Орёл	MOUNTAIN LION
rouge	1005	Araqua-pintado	COUGAR
暗紅色/暗赤色	1001	Орёл	Cheetah
rouge	1004	Орёл	Leopard
PÚRPURA	1001	Pipit de Godlewski	Cougar
Rouge	1005	Löffelente	Clouded Leopard
Orange-red	1001	löffelente	Leopard
Púrpura	1003	Лебедь	COUGAR
Rouge	1001	Pipit de Godlewski	Cheetah
Rouge	1005	Лебедь	COUGAR
rouge	1004	löffelente	Cheetah
schneeweiß	1005	Pipit de Godlewski	leopard
暗紅色/暗赤色	1002	Лебедь	leopard
Red-violet	1002	Pipit de Godlewski	Cheetah
PÚRPURA	1002	Macreuse à bec jaune	Cougar
PÚRPURA	1003	Macreuse à bec jaune	Cougar
púrpura	1001	Орёл	Leopard
暗紅色/暗赤色	1002	Pipit de Godlewski	Clouded Leopard
schneeweiß	1001	Araqua-pintado	COUGAR
pechschwarz	1001	Орёл	Mountain Lion
rouge	1002	LÖFFELENTE	Clouded Leopard
pechschwarz	1002	Silbón Europeo	Asiatic Cheetah
Red-violet	1004	Pipit de Godlewski	Asiatic Lion
Púrpura	1001	Орёл	Mountain Lion
Red-violet	1002	Araqua-pintado	Cougar
PÚRPURA	1004	Pipit de Godlewski	Cougar
red-violet	1003	Macreuse à bec jaune	Cheetah
暗紅色/暗赤色	1002	Pipit de Godlewski	leopard
PÚRPURA	1005	Pipit de Godlewski	Cheetah
Púrpura	1005	Macreuse à bec jaune	MOUNTAIN LION
Rouge	1001	Löffelente	Cheetah
schneeweiß	1001	Löffelente	asiatic lion
Red-violet	1004	Löffelente	Cougar
púrpura	1002	Лебедь	Asiatic Lion
Púrpura	1005	Marreca-cabocla	Cheetah
pechschwarz	1001	Löffelente	Cheetah
Púrpura	1005	Macreuse à bec jaune	Asiatic Lion
暗紅色/暗赤色	1001	Silbón Europeo	Leopard
Orange-red	1004	Marreca-cabocla	Asiatic Lion
PÚRPURA	1005	Löffelente	Asiatic Cheetah
Púrpura	1004	Орёл	Cheetah
PÚRPURA	1001	Silbón Europeo	Cheetah
kohlrabenschwarz	1002	Орёл	Mountain Lion
púrpura	1001	löffelente	Mountain Lion
Red-violet	1002	Löffelente	Leopard
Orange-red	1003	Araqua-pintado	Cheetah
púrpura	1001	Araqua-pintado	Cougar
schneeweiß	1001	Pipit de Godlewski	Mountain Lion
kohlrabenschwarz	1001	Лебедь	Cougar
kohlrabenschwarz	1002	Silbón Europeo	Cheetah
PÚRPURA	1002	Pipit de Godlewski	Clouded Leopard
Púrpura	1001	Löffelente	Cheetah
Púrpura	1003	löffelente	asiatic lion
rouge	1001	Орёл	asiatic lion
red-violet	1003	Pipit de Godlewski	Cougar
púrpura	1001	Pipit de Godlewski	asiatic lion
Púrpura	1002	LÖFFELENTE	Leopard
schneeweiß	1005	Macreuse à bec jaune	Asiatic Lion
Red-violet	1004	Pipit de Godlewski	Asiatic Cheetah
rouge	1001	Marreca-cabocla	MOUNTAIN LION
rouge	1004	Silbón Europeo	Mountain Lion
Rouge	1002	löffelente	MOUNTAIN LION
Rouge	1005	Pipit de Godlewski	Cheetah
暗紅色/暗赤色	1005	Pipit de Godlewski	MOUNTAIN LION
pechschwarz	1004	Лебедь	leopard
kohlrabenschwarz	1002	Araqua-pintado	Leopard
rouge	1004	Löffelente	MOUNTAIN LION
pechschwarz	1003	Araqua-pintado	leopard
kohlrabenschwarz	1001	Macreuse à bec jaune	Mountain Lion
schneeweiß	1002	LÖFFELENTE	Asiatic Cheetah
Rouge	1004	Pipit de Godlewski	Mountain Lion
schneeweiß	1005	Macreuse à bec jaune	Clouded Leopard
暗紅色/暗赤色	1002	Лебедь	Cheetah
Rouge	1005	Macreuse à bec jaune	Clouded Leopard
red-violet	1001	Macreuse à bec jaune	Asiatic Cheetah
kohlrabenschwarz	1005	Лебедь	Asiatic Lion
Rouge	1001	Pipit de Godlewski	Cougar
Orange-red	1002	Araqua-pintado	MOUNTAIN LION
schneeweiß	1002	Löffelente	Cougar
kohlrabenschwarz	1002	löffelente	asiatic lion
pechschwarz	1004	Löffelente	Cheetah
red-violet	1004	Löffelente	MOUNTAIN LION
Púrpura	1002	Pipit de Godlewski	leopard
PÚRPURA	1004	Araqua-pintado	Cheetah
kohlrabenschwarz	1005	Pipit de Godlewski	Leopard
Púrpura	1004	Silbón Europeo	Cheetah
Orange-red	1005	Araqua-pintado	Asiatic Cheetah
kohlrabenschwarz	1003	Pipit de Godlewski	leopard
Púrpura	1002	Орёл	MOUNTAIN LION
kohlrabenschwarz	1001	Орёл	Cougar
Red-violet	1001	LÖFFELENTE	Leopard
rouge	1004	Silbón Europeo	MOUNTAIN LION
Orange-red	1003	LÖFFELENTE	Asiatic Cheetah
Rouge	1001	Silbón Europeo	MOUNTAIN LION
rouge	1001	Silbón Europeo	MOUNTAIN LION
púrpura	1002	Löffelente	Cougar
Púrpura	1001	Pipit de Godlewski	leopard
schneeweiß	1001	Marreca-cabocla	asiatic lion
PÚRPURA	1004	löffelente	Cheetah
púrpura	1004	Araqua-pintado	Asiatic Lion
Red-violet	1003	Löffelente	MOUNTAIN LION
kohlrabenschwarz	1002	Marreca-cabocla	Asiatic Cheetah
PÚRPURA	1001	Лебедь	asiatic lion
Red-violet	1001	Лебедь	Cheetah
暗紅色/暗赤色	1001	Pipit de Godlewski	MOUNTAIN LION
kohlrabenschwarz	1003	Pipit de Godlewski	Cougar
Púrpura	1001	Лебедь	MOUNTAIN LION
pechschwarz	1004	Marreca-cabocla	leopard
red-violet	1005	löffelente	COUGAR
kohlrabenschwarz	1001	Silbón Europeo	MOUNTAIN LION
Orange-red	1004	Pipit de Godlewski	Leopard
kohlrabenschwarz	1004	Macreuse à bec jaune	Leopard
kohlrabenschwarz	1003	LÖFFELENTE	Mountain Lion
red-violet	1001	LÖFFELENTE	Asiatic Lion
púrpura	1001	Лебедь	Clouded Leopard
kohlrabenschwarz	1001	Орёл	Mountain Lion
Orange-red	1003	LÖFFELENTE	Mountain Lion
kohlrabenschwarz	1003	Macreuse à bec jaune	COUGAR
Púrpura	1003	Pipit de Godlewski	Asiatic Lion
Orange-red	1001	Marreca-cabocla	Cheetah
Orange-red	1004	Лебедь	Leopard
kohlrabenschwarz	1001	Pipit de Godlewski	Cheetah
Orange-red	1005	Araqua-pintado	MOUNTAIN LION
rouge	1005	Орёл	Clouded Leopard
Red-violet	1005	Macreuse à bec jaune	COUGAR
PÚRPURA	1005	Pipit de Godlewski	Mountain Lion
PÚRPURA	1005	Silbón Europeo	Leopard
PÚRPURA	1001	Araqua-pintado	Leopard
Red-violet	1002	Löffelente	COUGAR
schneeweiß	1005	Marreca-cabocla	COUGAR
Rouge	1002	löffelente	COUGAR
Red-violet	1002	LÖFFELENTE	Cheetah
暗紅色/暗赤色	1003	LÖFFELENTE	Cheetah
rouge	1001	Araqua-pintado	leopard
Red-violet	1001	Araqua-pintado	Asiatic Lion
Púrpura	1003	Marreca-cabocla	Cheetah
rouge	1001	Marreca-cabocla	COUGAR
Rouge	1005	LÖFFELENTE	Cougar
Púrpura	1001	Araqua-pintado	Cougar
rouge	1001	Лебедь	Cougar
暗紅色/暗赤色	1003	Pipit de Godlewski	Clouded Leopard
rouge	1002	Лебедь	COUGAR
pechschwarz	1001	Araqua-pintado	Cheetah
schneeweiß	1001	löffelente	asiatic lion
púrpura	1005	Pipit de Godlewski	Leopard
rouge	1004	Silbón Europeo	Asiatic Lion
púrpura	1001	Macreuse à bec jaune	Asiatic Lion
Red-violet	1001	Macreuse à bec jaune	asiatic lion
Orange-red	1003	Pipit de Godlewski	Clouded Leopard
Orange-red	1001	Silbón Europeo	leopard
schneeweiß	1002	Pipit de Godlewski	Cougar
kohlrabenschwarz	1004	Marreca-cabocla	leopard
schneeweiß	1002	Pipit de Godlewski	Cheetah
Orange-red	1005	Орёл	Asiatic Cheetah
Rouge	1005	Macreuse à bec jaune	Leopard
pechschwarz	1001	Marreca-cabocla	Cheetah
rouge	1001	Pipit de Godlewski	Asiatic Cheetah
kohlrabenschwarz	1002	Araqua-pintado	Clouded Leopard
pechschwarz	1003	Лебедь	Cheetah
暗紅色/暗赤色	1002	löffelente	leopard
Red-violet	1002	Macreuse à bec jaune	Cheetah
rouge	1004	Pipit de Godlewski	Cheetah
pechschwarz	1005	Löffelente	MOUNTAIN LION
púrpura	1002	Silbón Europeo	Clouded Leopard
暗紅色/暗赤色	1001	Pipit de Godlewski	Leopard
red-violet	1001	Лебедь	leopard
schneeweiß	1004	Pipit de Godlewski	Mountain Lion
Orange-red	1002	Macreuse à bec jaune	Clouded Leopard
púrpura	1003	Pipit de Godlewski	Cheetah
rouge	1003	Löffelente	Asiatic Lion
Rouge	1005	Pipit de Godlewski	MOUNTAIN LION
rouge	1004	Marreca-cabocla	leopard
schneeweiß	1005	LÖFFELENTE	Cheetah
Rouge	1004	Pipit de Godlewski	Cougar
red-violet	1001	Pipit de Godlewski	asiatic lion
暗紅色/暗赤色	1003	Araqua-pintado	Clouded Leopard
Red-violet	1001	Pipit de Godlewski	Cheetah
kohlrabenschwarz	1002	Pipit de Godlewski	leopard
púrpura	1002	Pipit de Godlewski	Clouded Leopard
schneeweiß	1002	Silbón Europeo	Asiatic Cheetah
púrpura	1001	Лебедь	asiatic lion
暗紅色/暗赤色	1005	löffelente	Clouded Leopard
pechschwarz	1004	LÖFFELENTE	Cheetah
kohlrabenschwarz	1001	Löffelente	Asiatic Cheetah
red-violet	1004	Silbón Europeo	leopard
Rouge	1001	Орёл	Cougar
rouge	1001	Pipit de Godlewski	Cheetah
暗紅色/暗赤色	1001	Лебедь	MOUNTAIN LION
rouge	1002	Araqua-pintado	Asiatic Cheetah
Rouge	1003	Marreca-cabocla	Cougar
red-violet	1002	Löffelente	MOUNTAIN LION
Orange-red	1001	Macreuse à bec jaune	Asiatic Lion
schneeweiß	1001	Löffelente	Cheetah
red-violet	1005	Pipit de Godlewski	Leopard
Rouge	1005	Macreuse à bec jaune	asiatic lion
schneeweiß	1003	Löffelente	Asiatic Cheetah
schneeweiß	1003	Pipit de Godlewski	Leopard
rouge	1005	Pipit de Godlewski	Asiatic Lion
PÚRPURA	1003	Лебедь	Cougar
Orange-red	1002	Орёл	asiatic lion
rouge	1004	LÖFFELENTE	Asiatic Cheetah
暗紅色/暗赤色	1004	Araqua-pintado	MOUNTAIN LION
Red-violet	1001	Pipit de Godlewski	Asiatic Lion
Rouge	1003	Araqua-pintado	Mountain Lion
pechschwarz	1002	Silbón Europeo	Asiatic Lion
Orange-red	1004	Marreca-cabocla	COUGAR
Red-violet	1001	Pipit de Godlewski	Asiatic Cheetah
rouge	1005	Löffelente	Asiatic Cheetah
Red-violet	1001	Marreca-cabocla	Mountain Lion
Rouge	1001	Macreuse à bec jaune	Mountain Lion
red-violet	1002	Pipit de Godlewski	MOUNTAIN LION
Púrpura	1003	Лебедь	Cheetah
schneeweiß	1001	LÖFFELENTE	asiatic lion
red-violet	1001	Macreuse à bec jaune	Leopard
暗紅色/暗赤色	1001	Silbón Europeo	Cheetah
PÚRPURA	1004	LÖFFELENTE	Clouded Leopard
Orange-red	1005	Pipit de Godlewski	MOUNTAIN LION
Púrpura	1002	Орёл	Cougar
Orange-red	1002	Орёл	leopard
kohlrabenschwarz	1001	Pipit de Godlewski	COUGAR
pechschwarz	1001	Pipit de Godlewski	Mountain Lion
暗紅色/暗赤色	1001	Marreca-cabocla	MOUNTAIN LION
pechschwarz	1001	Орёл	Asiatic Cheetah
schneeweiß	1002	Орёл	Cougar
rouge	1002	Marreca-cabocla	Cheetah
kohlrabenschwarz	1003	Лебедь	Asiatic Lion
Púrpura	1001	Löffelente	asiatic lion
Rouge	1001	Macreuse à bec jaune	leopard
rouge	1002	Pipit de Godlewski	Leopard
暗紅色/暗赤色	1003	LÖFFELENTE	Cougar
rouge	1002	LÖFFELENTE	leopard
Red-violet	1004	Pipit de Godlewski	leopard
red-violet	1005	LÖFFELENTE	leopard
Red-violet	1001	Macreuse à bec jaune	Cheetah
PÚRPURA	1001	Лебедь	Clouded Leopard
Púrpura	1001	Pipit de Godlewski	Cougar
rouge	1002	Marreca-cabocla	Cheetah
pechschwarz	1002	Лебедь	Cheetah
暗紅色/暗赤色	1001	Pipit de Godlewski	leopard
rouge	1004	Macreuse à bec jaune	Mountain Lion
púrpura	1001	Лебедь	asiatic lion
rouge	1001	Marreca-cabocla	Leopard
Púrpura	1002	Орёл	MOUNTAIN LION
rouge	1002	Löffelente	Cheetah
Orange-red	1002	Орёл	COUGAR
Púrpura	1001	Araqua-pintado	Clouded Leopard
rouge	1003	Pipit de Godlewski	Clouded Leopard
pechschwarz	1005	Pipit de Godlewski	Cougar
Púrpura	1002	Pipit de Godlewski	COUGAR
Red-violet	1001	löffelente	Cheetah
red-violet	1001	Pipit de Godlewski	Clouded Leopard
pechschwarz	1004	Löffelente	Cheetah
red-violet	1003	Орёл	MOUNTAIN LION
rouge	1003	LÖFFELENTE	Cheetah
Orange-red	1001	Araqua-pintado	asiatic lion
Red-violet	1001	Лебедь	COUGAR
pechschwarz	1002	Лебедь	Mountain Lion
Orange-red	1005	löffelente	COUGAR
Orange-red	1004	Pipit de Godlewski	asiatic lion
PÚRPURA	1002	Macreuse à bec jaune	COUGAR
pechschwarz	1002	Pipit de Godlewski	Cougar
pechschwarz	1002	Silbón Europeo	leopard
Orange-red	1002	LÖFFELENTE	Asiatic Cheetah
Orange-red	1001	Macreuse à bec jaune	Mountain Lion
Rouge	1001	Marreca-cabocla	Mountain Lion
PÚRPURA	1003	Pipit de Godlewski	COUGAR
Púrpura	1004	Marreca-cabocla	Asiatic Lion
schneeweiß	1002	Marreca-cabocla	Asiatic Cheetah
pechschwarz	1005	löffelente	Asiatic Cheetah
暗紅色/暗赤色	1001	Macreuse à bec jaune	Asiatic Lion
Orange-red	1002	Pipit de Godlewski	Cheetah
PÚRPURA	1004	Орёл	Cheetah
PÚRPURA	1005	Macreuse à bec jaune	Leopard
pechschwarz	1003	Pipit de Godlewski	Asiatic Lion
pechschwarz	1001	Araqua-pintado	leopard
rouge	1001	Pipit de Godlewski	COUGAR
Orange-red	1001	LÖFFELENTE	Leopard
púrpura	1001	Орёл	Leopard
rouge	1002	LÖFFELENTE	Cheetah
kohlrabenschwarz	1001	LÖFFELENTE	asiatic lion
red-violet	1002	Лебедь	leopard
PÚRPURA	1002	Macreuse à bec jaune	Clouded Leopard
kohlrabenschwarz	1003	Löffelente	COUGAR
Púrpura	1005	Орёл	COUGAR
Red-violet	1003	LÖFFELENTE	asiatic lion
red-violet	1002	Araqua-pintado	Asiatic Lion
schneeweiß	1002	Pipit de Godlewski	Asiatic Lion
Red-violet	1001	Marreca-cabocla	Cougar
púrpura	1003	Silbón Europeo	MOUNTAIN LION
red-violet	1002	Araqua-pintado	MOUNTAIN LION
Rouge	1002	Лебедь	Mountain Lion
Rouge	1002	Лебедь	MOUNTAIN LION
Rouge	1005	Silbón Europeo	Cheetah
rouge	1004	Silbón Europeo	MOUNTAIN LION
Púrpura	1002	Pipit de Godlewski	Asiatic Cheetah
púrpura	1005	Лебедь	Leopard
pechschwarz	1005	Pipit de Godlewski	COUGAR
schneeweiß	1002	Pipit de Godlewski	Cheetah
rouge	1005	Pipit de Godlewski	Asiatic Cheetah
pechschwarz	1005	Macreuse à bec jaune	Cheetah
schneeweiß	1005	Marreca-cabocla	Cheetah
púrpura	1004	Лебедь	asiatic lion
Rouge	1001	Pipit de Godlewski	Mountain Lion
暗紅色/暗赤色	1005	Löffelente	Cheetah
Rouge	1004	Орёл	Leopard
PÚRPURA	1003	Pipit de Godlewski	leopard
schneeweiß	1003	Pipit de Godlewski	Cheetah
Rouge	1001	Araqua-pintado	Asiatic Cheetah
schneeweiß	1003	Marreca-cabocla	Cougar
schneeweiß	1001	Лебедь	asiatic lion
Púrpura	1001	Лебедь	Asiatic Lion
Orange-red	1003	Silbón Europeo	Leopard
Púrpura	1002	LÖFFELENTE	leopard
schneeweiß	1004	LÖFFELENTE	Clouded Leopard
púrpura	1003	Орёл	Asiatic Lion
pechschwarz	1005	Pipit de Godlewski	Clouded Leopard
暗紅色/暗赤色	1003	Pipit de Godlewski	COUGAR
PÚRPURA	1002	Орёл	Cougar
PÚRPURA	1001	Araqua-pintado	Cougar
púrpura	1002	Silbón Europeo	Mountain Lion
Rouge	1002	Marreca-cabocla	asiatic lion
暗紅色/暗赤色	1005	Орёл	Mountain Lion
kohlrabenschwarz	1004	Silbón Europeo	Mountain Lion
púrpura	1003	Macreuse à bec jaune	Leopard
pechschwarz	1003	Pipit de Godlewski	Cheetah
PÚRPURA	1001	Macreuse à bec jaune	leopard
Orange-red	1001	Орёл	leopard
schneeweiß	1003	Орёл	Cheetah
Orange-red	1005	Löffelente	Asiatic Cheetah
Rouge	1001	Silbón Europeo	MOUNTAIN LION
púrpura	1002	LÖFFELENTE	Clouded Leopard
Rouge	1001	Лебедь	Leopard
Púrpura	1004	Araqua-pintado	Cheetah
schneeweiß	1002	Araqua-pintado	MOUNTAIN LION
Red-violet	1001	Marreca-cabocla	Cheetah
暗紅色/暗赤色	1005	Орёл	Cougar
kohlrabenschwarz	1003	Орёл	COUGAR
Rouge	1002	löffelente	Clouded Leopard
púrpura	1002	LÖFFELENTE	leopard
暗紅色/暗赤色	1002	löffelente	MOUNTAIN LION
Orange-red	1004	Macreuse à bec jaune	Clouded Leopard
púrpura	1002	Pipit de Godlewski	Clouded Leopard
Red-violet	1001	LÖFFELENTE	COUGAR
púrpura	1004	Pipit de Godlewski	MOUNTAIN LION
Red-violet	1005	Лебедь	Mountain Lion
pechschwarz	1003	Silbón Europeo	Leopard
pechschwarz	1001	Silbón Europeo	Cougar
red-violet	1001	Pipit de Godlewski	Cheetah
kohlrabenschwarz	1004	löffelente	Cheetah
pechschwarz	1004	Marreca-cabocla	leopard
pechschwarz	1003	Pipit de Godlewski	MOUNTAIN LION
Púrpura	1002	Орёл	Mountain Lion
Púrpura	1001	Орёл	Mountain Lion
red-violet	1003	Орёл	Cheetah
rouge	1003	Лебедь	Cheetah
pechschwarz	1004	löffelente	asiatic lion
Rouge	1002	Macreuse à bec jaune	MOUNTAIN LION
Red-violet	1003	Araqua-pintado	MOUNTAIN LION
kohlrabenschwarz	1001	Löffelente	Asiatic Lion
kohlrabenschwarz	1003	Орёл	Asiatic Lion
kohlrabenschwarz	1002	Pipit de Godlewski	Asiatic Lion
Rouge	1005	Орёл	leopard
schneeweiß	1004	Pipit de Godlewski	Leopard
pechschwarz	1002	Silbón Europeo	Asiatic Lion
Red-violet	1003	Silbón Europeo	Cougar
Púrpura	1005	Löffelente	Leopard
Rouge	1001	Pipit de Godlewski	COUGAR
Púrpura	1001	LÖFFELENTE	Asiatic Lion
Rouge	1004	Pipit de Godlewski	Leopard
púrpura	1001	Löffelente	Cheetah
pechschwarz	1004	Marreca-cabocla	Mountain Lion
Orange-red	1005	Macreuse à bec jaune	COUGAR
Rouge	1002	Silbón Europeo	Asiatic Lion
Orange-red	1001	Pipit de Godlewski	asiatic lion
Púrpura	1004	Marreca-cabocla	Leopard
red-violet	1004	LÖFFELENTE	Mountain Lion
Red-violet	1005	Silbón Europeo	Cheetah
暗紅色/暗赤色	1001	Macreuse à bec jaune	Asiatic Cheetah
暗紅色/暗赤色	1003	Araqua-pintado	Clouded Leopard
Orange-red	1005	Löffelente	MOUNTAIN LION
Rouge	1003	Pipit de Godlewski	Cheetah
rouge	1003	Pipit de Godlewski	Leopard
PÚRPURA	1002	Орёл	asiatic lion
Púrpura	1002	Pipit de Godlewski	Cougar
schneeweiß	1005	Silbón Europeo	Mountain Lion
Púrpura	1002	Araqua-pintado	Clouded Leopard
rouge	1004	löffelente	Cheetah
Rouge	1004	Лебедь	Clouded Leopard
Orange-red	1001	Pipit de Godlewski	Mountain Lion
PÚRPURA	1001	Marreca-cabocla	Asiatic Cheetah
pechschwarz	1002	Орёл	Asiatic Cheetah
Orange-red	1001	LÖFFELENTE	Clouded Leopard
rouge	1001	Silbón Europeo	Mountain Lion
rouge	1002	Silbón Europeo	Clouded Leopard
Orange-red	1004	Löffelente	Cougar
púrpura	1001	Araqua-pintado	Asiatic Cheetah
schneeweiß	1003	Macreuse à bec jaune	Asiatic Lion
púrpura	1005	löffelente	leopard
Púrpura	1001	Pipit de Godlewski	COUGAR
Orange-red	1002	Лебедь	Cheetah
Red-violet	1003	Pipit de Godlewski	asiatic lion
PÚRPURA	1001	Pipit de Godlewski	Mountain Lion
schneeweiß	1004	Лебедь	Mountain Lion
kohlrabenschwarz	1002	Marreca-cabocla	Leopard
schneeweiß	1004	Silbón Europeo	MOUNTAIN LION
PÚRPURA	1005	Pipit de Godlewski	COUGAR
rouge	1005	Macreuse à bec jaune	asiatic lion
Orange-red	1005	Silbón Europeo	Cheetah
rouge	1005	Araqua-pintado	Leopard
Rouge	1002	Silbón Europeo	leopard
púrpura	1001	Лебедь	COUGAR
pechschwarz	1004	Орёл	Cougar
red-violet	1003	Macreuse à bec jaune	Asiatic Cheetah
PÚRPURA	1003	Macreuse à bec jaune	COUGAR
pechschwarz	1004	Araqua-pintado	Leopard
Orange-red	1001	Орёл	MOUNTAIN LION
rouge	1001	Pipit de Godlewski	Cheetah
Púrpura	1005	Silbón Europeo	Asiatic Cheetah
schneeweiß	1001	Pipit de Godlewski	COUGAR
暗紅色/暗赤色	1001	Орёл	Clouded Leopard
Rouge	1003	LÖFFELENTE	Clouded Leopard
schneeweiß	1001	Pipit de Godlewski	Cougar
red-violet	1001	Löffelente	asiatic lion
Púrpura	1002	Pipit de Godlewski	Cheetah
Red-violet	1002	Лебедь	COUGAR
rouge	1003	Pipit de Godlewski	COUGAR
rouge	1005	Marreca-cabocla	COUGAR
Rouge	1002	Marreca-cabocla	Mountain Lion
暗紅色/暗赤色	1002	Pipit de Godlewski	Mountain Lion
Red-violet	1002	LÖFFELENTE	Cougar
púrpura	1002	Лебедь	Clouded Leopard
red-violet	1003	Pipit de Godlewski	Cougar
暗紅色/暗赤色	1002	Silbón Europeo	Cheetah
Orange-red	1004	Орёл	Asiatic Lion
Rouge	1005	Macreuse à bec jaune	Asiatic Lion
púrpura	1004	löffelente	Asiatic Lion
Rouge	1004	Araqua-pintado	Cheetah
Púrpura	1004	Орёл	Asiatic Lion
schneeweiß	1005	Macreuse à bec jaune	Cheetah
Púrpura	1005	Pipit de Godlewski	Cougar
red-violet	1004	Löffelente	Asiatic Lion
Rouge	1001	LÖFFELENTE	Cougar
púrpura	1002	Silbón Europeo	Asiatic Cheetah
rouge	1004	Pipit de Godlewski	Cougar
Rouge	1003	Araqua-pintado	Clouded Leopard
red-violet	1001	Araqua-pintado	Asiatic Cheetah
kohlrabenschwarz	1004	löffelente	COUGAR
schneeweiß	1003	Araqua-pintado	COUGAR
暗紅色/暗赤色	1005	LÖFFELENTE	Cougar
暗紅色/暗赤色	1002	Silbón Europeo	COUGAR
Rouge	1002	Орёл	leopard
red-violet	1002	Лебедь	leopard
púrpura	1002	Лебедь	Asiatic Cheetah
rouge	1002	Löffelente	Asiatic Lion
kohlrabenschwarz	1005	Pipit de Godlewski	MOUNTAIN LION
schneeweiß	1001	Орёл	Asiatic Lion
schneeweiß	1001	Macreuse à bec jaune	leopard
Red-violet	1001	Pipit de Godlewski	Asiatic Lion
Púrpura	1002	Löffelente	MOUNTAIN LION
púrpura	1004	Лебедь	Leopard
púrpura	1001	Pipit de Godlewski	MOUNTAIN LION
暗紅色/暗赤色	1004	Silbón Europeo	COUGAR
Púrpura	1002	Macreuse à bec jaune	Asiatic Cheetah
red-violet	1004	Löffelente	COUGAR
暗紅色/暗赤色	1001	löffelente	Clouded Leopard
Orange-red	1005	Лебедь	Clouded Leopard
rouge	1003	Silbón Europeo	Asiatic Cheetah
púrpura	1005	Löffelente	Clouded Leopard
red-violet	1002	Macreuse à bec jaune	Asiatic Lion
púrpura	1002	Лебедь	Leopard
Orange-red	1001	Silbón Europeo	Mountain Lion
Orange-red	1005	Лебедь	Cheetah
red-violet	1005	Pipit de Godlewski	Asiatic Cheetah
Orange-red	1003	Pipit de Godlewski	asiatic lion
Púrpura	1002	Pipit de Godlewski	Leopard
Rouge	1001	Löffelente	Asiatic Lion
Púrpura	1005	Löffelente	Asiatic Cheetah
red-violet	1001	Silbón Europeo	Asiatic Lion
PÚRPURA	1003	Орёл	Cheetah
Red-violet	1004	Marreca-cabocla	Cheetah
schneeweiß	1001	Pipit de Godlewski	Cheetah
schneeweiß	1002	Löffelente	asiatic lion
暗紅色/暗赤色	1003	Löffelente	Clouded Leopard
kohlrabenschwarz	1001	Pipit de Godlewski	Cougar
schneeweiß	1002	Silbón Europeo	Cheetah
red-violet	1001	löffelente	Clouded Leopard
pechschwarz	1005	Орёл	Cheetah
red-violet	1005	Орёл	leopard
Rouge	1005	Pipit de Godlewski	asiatic lion
púrpura	1001	Лебедь	Leopard
kohlrabenschwarz	1005	Marreca-cabocla	Asiatic Cheetah
red-violet	1003	Löffelente	Asiatic Lion
red-violet	1002	Macreuse à bec jaune	Leopard
schneeweiß	1001	Pipit de Godlewski	COUGAR
Orange-red	1004	löffelente	Mountain Lion
Púrpura	1004	Лебедь	leopard
kohlrabenschwarz	1002	Löffelente	MOUNTAIN LION
Orange-red	1002	löffelente	Mountain Lion
Red-violet	1004	Орёл	Cheetah
PÚRPURA	1001	Löffelente	Cheetah
kohlrabenschwarz	1003	Pipit de Godlewski	Asiatic Cheetah
Red-violet	1004	Pipit de Godlewski	Clouded Leopard
red-violet	1002	Pipit de Godlewski	Asiatic Cheetah
rouge	1003	Silbón Europeo	Cheetah
pechschwarz	1001	Marreca-cabocla	Asiatic Lion
Orange-red	1002	Лебедь	Cheetah
pechschwarz	1001	löffelente	Cheetah
red-violet	1002	Araqua-pintado	Leopard
rouge	1001	Орёл	asiatic lion
pechschwarz	1003	Pipit de Godlewski	leopard
púrpura	1001	Орёл	MOUNTAIN LION
Red-violet	1002	Macreuse à bec jaune	leopard
Púrpura	1001	Лебедь	Cheetah
púrpura	1001	Marreca-cabocla	Cougar
暗紅色/暗赤色	1005	löffelente	Cougar
rouge	1001	Орёл	Cheetah
Orange-red	1004	löffelente	Cheetah
red-violet	1002	Pipit de Godlewski	Asiatic Cheetah
Rouge	1002	löffelente	Clouded Leopard
Orange-red	1002	Pipit de Godlewski	Cheetah
暗紅色/暗赤色	1002	löffelente	Mountain Lion
kohlrabenschwarz	1001	Pipit de Godlewski	Mountain Lion
Púrpura	1002	LÖFFELENTE	Cougar
Púrpura	1002	Araqua-pintado	Cheetah
Orange-red	1004	Löffelente	Asiatic Cheetah
Rouge	1005	Löffelente	Asiatic Lion
red-violet	1001	Pipit de Godlewski	Cheetah
kohlrabenschwarz	1003	Pipit de Godlewski	Asiatic Cheetah
Púrpura	1001	löffelente	Mountain Lion
Púrpura	1003	Silbón Europeo	COUGAR
PÚRPURA	1002	Pipit de Godlewski	Cougar
red-violet	1004	löffelente	Cougar
púrpura	1001	Лебедь	Leopard
rouge	1002	Pipit de Godlewski	Cheetah
PÚRPURA	1005	Löffelente	Cougar
red-violet	1001	Орёл	MOUNTAIN LION
PÚRPURA	1002	Araqua-pintado	Mountain Lion
PÚRPURA	1005	LÖFFELENTE	Mountain Lion
schneeweiß	1003	Pipit de Godlewski	Asiatic Lion
PÚRPURA	1002	löffelente	Cheetah
Púrpura	1004	Pipit de Godlewski	Mountain Lion
púrpura	1005	LÖFFELENTE	Leopard
rouge	1005	Macreuse à bec jaune	Asiatic Cheetah
Orange-red	1002	Macreuse à bec jaune	leopard
púrpura	1003	Araqua-pintado	Leopard
kohlrabenschwarz	1005	löffelente	Asiatic Cheetah
rouge	1002	Löffelente	COUGAR
Rouge	1002	Löffelente	asiatic lion
Rouge	1004	Орёл	Asiatic Lion
暗紅色/暗赤色	1002	Löffelente	Cheetah
pechschwarz	1002	LÖFFELENTE	COUGAR
Rouge	1004	Marreca-cabocla	asiatic lion
pechschwarz	1002	Pipit de Godlewski	Cheetah
rouge	1002	Лебедь	Cougar
red-violet	1001	Лебедь	Asiatic Cheetah
Red-violet	1004	Pipit de Godlewski	Clouded Leopard
Red-violet	1005	Pipit de Godlewski	leopard
PÚRPURA	1001	Marreca-cabocla	Asiatic Cheetah
Púrpura	1005	Löffelente	MOUNTAIN LION
Orange-red	1003	LÖFFELENTE	Cheetah
Orange-red	1001	Silbón Europeo	MOUNTAIN LION
pechschwarz	1005	löffelente	leopard
Rouge	1003	Marreca-cabocla	leopard
Rouge	1001	Macreuse à bec jaune	Cougar
暗紅色/暗赤色	1002	LÖFFELENTE	Clouded Leopard
PÚRPURA	1001	Орёл	Mountain Lion
pechschwarz	1001	Лебедь	COUGAR
Orange-red	1005	Pipit de Godlewski	Cheetah
pechschwarz	1001	Macreuse à bec jaune	Asiatic Lion
PÚRPURA	1002	Орёл	Leopard
Red-violet	1003	Pipit de Godlewski	leopard
暗紅色/暗赤色	1005	Araqua-pintado	Cheetah
PÚRPURA	1004	Macreuse à bec jaune	asiatic lion
暗紅色/暗赤色	1005	Löffelente	Clouded Leopard
kohlrabenschwarz	1003	Pipit de Godlewski	COUGAR
kohlrabenschwarz	1001	Macreuse à bec jaune	Cheetah
schneeweiß	1005	Araqua-pintado	Cheetah
pechschwarz	1005	Pipit de Godlewski	Cougar
Rouge	1002	Macreuse à bec jaune	Cougar
Rouge	1005	LÖFFELENTE	Asiatic Cheetah
púrpura	1004	Pipit de Godlewski	leopard
red-violet	1001	Pipit de Godlewski	Mountain Lion
Púrpura	1003	Araqua-pintado	Asiatic Lion
pechschwarz	1005	Pipit de Godlewski	Clouded Leopard
Orange-red	1003	löffelente	Asiatic Cheetah
rouge	1001	Pipit de Godlewski	Cougar
púrpura	1001	Löffelente	COUGAR
Red-violet	1002	LÖFFELENTE	Cougar
púrpura	1002	Орёл	Cougar
Púrpura	1003	Macreuse à bec jaune	Leopard
Púrpura	1005	Орёл	Asiatic Cheetah
暗紅色/暗赤色	1002	Лебедь	COUGAR
pechschwarz	1001	Löffelente	Cheetah
púrpura	1001	Marreca-cabocla	asiatic lion
Rouge	1001	Лебедь	Cougar
Rouge	1002	Macreuse à bec jaune	Cheetah
rouge	1004	Pipit de Godlewski	Clouded Leopard
kohlrabenschwarz	1003	Macreuse à bec jaune	asiatic lion
PÚRPURA	1005	LÖFFELENTE	Clouded Leopard
kohlrabenschwarz	1005	LÖFFELENTE	leopard
red-violet	1003	LÖFFELENTE	Mountain Lion
Púrpura	1001	Macreuse à bec jaune	leopard
Orange-red	1004	Орёл	Clouded Leopard
rouge	1005	Macreuse à bec jaune	leopard
red-violet	1002	Орёл	asiatic lion
PÚRPURA	1001	LÖFFELENTE	asiatic lion
red-violet	1002	löffelente	leopard
Red-violet	1001	Silbón Europeo	Leopard
Red-violet	1002	Araqua-pintado	Cougar
pechschwarz	1002	Лебедь	Asiatic Cheetah
Rouge	1002	löffelente	COUGAR
red-violet	1001	Araqua-pintado	Clouded Leopard
PÚRPURA	1001	Pipit de Godlewski	COUGAR
PÚRPURA	1004	Лебедь	asiatic lion
暗紅色/暗赤色	1002	Орёл	COUGAR
PÚRPURA	1003	Орёл	Cheetah
暗紅色/暗赤色	1003	LÖFFELENTE	Cheetah
red-violet	1002	Silbón Europeo	Cougar
red-violet	1002	Macreuse à bec jaune	Mountain Lion
Púrpura	1001	löffelente	Cougar
Red-violet	1003	LÖFFELENTE	Asiatic Lion
Rouge	1005	Pipit de Godlewski	Cheetah
rouge	1002	Лебедь	Asiatic Lion
red-violet	1001	Löffelente	leopard
PÚRPURA	1005	Macreuse à bec jaune	Cougar
schneeweiß	1001	Лебедь	Asiatic Lion
Orange-red	1003	Лебедь	Cougar
Red-violet	1001	Орёл	leopard
Púrpura	1002	Pipit de Godlewski	MOUNTAIN LION
Orange-red	1002	LÖFFELENTE	Leopard
Púrpura	1004	Macreuse à bec jaune	Cheetah
暗紅色/暗赤色	1005	Pipit de Godlewski	Asiatic Cheetah
rouge	1005	Macreuse à bec jaune	Leopard
Rouge	1001	löffelente	Mountain Lion
pechschwarz	1003	Орёл	Clouded Leopard
Púrpura	1003	Орёл	Mountain Lion
púrpura	1002	Орёл	Leopard
Orange-red	1002	löffelente	leopard
púrpura	1001	Pipit de Godlewski	Mountain Lion
Púrpura	1001	Macreuse à bec jaune	asiatic lion
rouge	1001	Silbón Europeo	Mountain Lion
rouge	1001	Silbón Europeo	Leopard
púrpura	1001	Pipit de Godlewski	MOUNTAIN LION
red-violet	1005	Pipit de Godlewski	Mountain Lion
Orange-red	1003	Löffelente	MOUNTAIN LION
Púrpura	1003	LÖFFELENTE	Asiatic Lion
暗紅色/暗赤色	1005	Marreca-cabocla	COUGAR
Rouge	1005	Araqua-pintado	Mountain Lion
púrpura	1001	Pipit de Godlewski	COUGAR
暗紅色/暗赤色	1001	Marreca-cabocla	Leopard
Red-violet	1001	Löffelente	Leopard
Púrpura	1005	Macreuse à bec jaune	leopard
pechschwarz	1005	Pipit de Godlewski	MOUNTAIN LION
púrpura	1004	Pipit de Godlewski	Cheetah
rouge	1001	LÖFFELENTE	Cheetah
kohlrabenschwarz	1003	Pipit de Godlewski	Cheetah
schneeweiß	1002	Marreca-cabocla	COUGAR
púrpura	1003	LÖFFELENTE	leopard
púrpura	1004	Araqua-pintado	Cougar
kohlrabenschwarz	1003	Лебедь	COUGAR
暗紅色/暗赤色	1004	Орёл	Mountain Lion
schneeweiß	1003	Macreuse à bec jaune	Asiatic Cheetah
Rouge	1003	Pipit de Godlewski	Cougar
Orange-red	1001	Орёл	Cheetah
Red-violet	1005	Pipit de Godlewski	Clouded Leopard
暗紅色/暗赤色	1002	löffelente	Leopard
Púrpura	1002	Marreca-cabocla	Mountain Lion
schneeweiß	1001	Орёл	Cheetah
Orange-red	1001	Pipit de Godlewski	MOUNTAIN LION
Red-violet	1004	Löffelente	Asiatic Cheetah
schneeweiß	1005	Орёл	Cheetah
rouge	1001	Pipit de Godlewski	Cheetah
Púrpura	1004	Лебедь	Leopard
kohlrabenschwarz	1002	Marreca-cabocla	leopard
Púrpura	1005	Löffelente	Cheetah
PÚRPURA	1005	Macreuse à bec jaune	Cougar
púrpura	1003	Silbón Europeo	Cheetah
kohlrabenschwarz	1002	Marreca-cabocla	Leopard
púrpura	1003	Löffelente	Cheetah
púrpura	1005	Silbón Europeo	Cheetah
PÚRPURA	1001	Macreuse à bec jaune	Mountain Lion
red-violet	1001	löffelente	Asiatic Lion
Púrpura	1004	löffelente	Leopard
暗紅色/暗赤色	1001	Орёл	Asiatic Cheetah
pechschwarz	1004	Pipit de Godlewski	asiatic lion
Rouge	1001	Орёл	MOUNTAIN LION
rouge	1001	Araqua-pintado	Asiatic Cheetah
púrpura	1004	Pipit de Godlewski	leopard
Púrpura	1002	Лебедь	asiatic lion
Red-violet	1001	Орёл	Leopard
Púrpura	1005	Орёл	MOUNTAIN LION
Orange-red	1004	Pipit de Godlewski	Cougar
暗紅色/暗赤色	1002	Pipit de Godlewski	Cheetah
pechschwarz	1005	Silbón Europeo	Leopard
púrpura	1004	Pipit de Godlewski	Leopard
Rouge	1001	Löffelente	Asiatic Lion
rouge	1004	Marreca-cabocla	Asiatic Cheetah
kohlrabenschwarz	1005	Pipit de Godlewski	Asiatic Cheetah
Rouge	1001	Silbón Europeo	Leopard
Red-violet	1001	Pipit de Godlewski	asiatic lion
pechschwarz	1004	Marreca-cabocla	leopard
Púrpura	1001	Araqua-pintado	COUGAR
Púrpura	1002	löffelente	asiatic lion
Orange-red	1002	Silbón Europeo	Asiatic Lion
púrpura	1004	löffelente	Asiatic Cheetah
Rouge	1002	Pipit de Godlewski	Clouded Leopard
rouge	1002	Pipit de Godlewski	asiatic lion
Orange-red	1003	Pipit de Godlewski	Leopard
rouge	1003	Лебедь	Leopard
Púrpura	1004	Macreuse à bec jaune	Cougar
PÚRPURA	1001	Löffelente	Cheetah
schneeweiß	1001	Pipit de Godlewski	Asiatic Lion
Red-violet	1002	Pipit de Godlewski	Asiatic Lion
kohlrabenschwarz	1004	Орёл	Clouded Leopard
púrpura	1002	Silbón Europeo	Cougar
rouge	1002	Marreca-cabocla	Asiatic Cheetah
rouge	1001	Marreca-cabocla	COUGAR
暗紅色/暗赤色	1003	Silbón Europeo	Cheetah
pechschwarz	1005	Silbón Europeo	COUGAR
Red-violet	1004	Pipit de Godlewski	asiatic lion
Orange-red	1004	Pipit de Godlewski	Cougar
kohlrabenschwarz	1005	Macreuse à bec jaune	Asiatic Cheetah
Orange-red	1002	Löffelente	Cheetah
kohlrabenschwarz	1005	LÖFFELENTE	Mountain Lion
Púrpura	1003	Лебедь	Asiatic Cheetah
púrpura	1003	Pipit de Godlewski	COUGAR
PÚRPURA	1001	Орёл	Leopard
rouge	1001	LÖFFELENTE	asiatic lion
schneeweiß	1002	Pipit de Godlewski	Cheetah
rouge	1004	Pipit de Godlewski	Cougar
Púrpura	1002	Araqua-pintado	leopard
schneeweiß	1005	Pipit de Godlewski	Clouded Leopard
Orange-red	1001	Лебедь	Clouded Leopard
pechschwarz	1003	Silbón Europeo	MOUNTAIN LION
kohlrabenschwarz	1001	Pipit de Godlewski	Cougar
kohlrabenschwarz	1003	Macreuse à bec jaune	Cheetah
púrpura	1004	Pipit de Godlewski	Cheetah
Púrpura	1001	löffelente	Cheetah
kohlrabenschwarz	1003	Löffelente	Cheetah
Púrpura	1003	Pipit de Godlewski	Cheetah
暗紅色/暗赤色	1005	Marreca-cabocla	Cheetah
Púrpura	1005	Macreuse à bec jaune	Asiatic Cheetah
kohlrabenschwarz	1003	Орёл	Cougar
schneeweiß	1004	Marreca-cabocla	COUGAR
Orange-red	1001	Marreca-cabocla	Asiatic Lion
red-violet	1002	Marreca-cabocla	Asiatic Cheetah
Púrpura	1003	Pipit de Godlewski	asiatic lion
red-violet	1002	Macreuse à bec jaune	Cougar
kohlrabenschwarz	1001	Löffelente	Cheetah
Púrpura	1002	Pipit de Godlewski	Cheetah
rouge	1003	Marreca-cabocla	Cougar
Rouge	1001	Silbón Europeo	asiatic lion
PÚRPURA	1002	Орёл	leopard
schneeweiß	1004	Araqua-pintado	Cougar
red-violet	1005	LÖFFELENTE	Mountain Lion
PÚRPURA	1001	LÖFFELENTE	leopard
Orange-red	1003	Löffelente	Cheetah
暗紅色/暗赤色	1005	Pipit de Godlewski	Cheetah
kohlrabenschwarz	1002	Pipit de Godlewski	Clouded Leopard
Red-violet	1002	Орёл	asiatic lion
PÚRPURA	1002	Pipit de Godlewski	Leopard
Púrpura	1004	Marreca-cabocla	Cheetah
Rouge	1002	Macreuse à bec jaune	asiatic lion
red-violet	1001	Лебедь	Cougar
schneeweiß	1005	Marreca-cabocla	Cheetah
red-violet	1001	Pipit de Godlewski	leopard
púrpura	1003	Araqua-pintado	Cheetah
red-violet	1002	löffelente	Asiatic Cheetah
pechschwarz	1003	Лебедь	Cheetah
暗紅色/暗赤色	1004	löffelente	Cougar
Rouge	1004	Macreuse à bec jaune	Mountain Lion
púrpura	1002	Орёл	COUGAR
Púrpura	1001	Araqua-pintado	Clouded Leopard
暗紅色/暗赤色	1004	Marreca-cabocla	Asiatic Cheetah
Orange-red	1003	Pipit de Godlewski	MOUNTAIN LION
Red-violet	1003	Орёл	COUGAR
rouge	1001	Macreuse à bec jaune	Cheetah
púrpura	1001	LÖFFELENTE	Asiatic Lion
pechschwarz	1001	Araqua-pintado	Mountain Lion
kohlrabenschwarz	1002	Silbón Europeo	leopard
Red-violet	1003	Marreca-cabocla	Cheetah
PÚRPURA	1003	löffelente	MOUNTAIN LION
PÚRPURA	1002	Pipit de Godlewski	COUGAR
Rouge	1004	Silbón Europeo	COUGAR
Púrpura	1005	Pipit de Godlewski	Clouded Leopard
Púrpura	1001	Marreca-cabocla	Mountain Lion
PÚRPURA	1004	Silbón Europeo	Asiatic Lion
Rouge	1005	löffelente	Cheetah
schneeweiß	1003	Pipit de Godlewski	Cheetah
暗紅色/暗赤色	1002	Pipit de Godlewski	leopard
kohlrabenschwarz	1002	Лебедь	leopard
Rouge	1002	Pipit de Godlewski	asiatic lion
Red-violet	1005	Pipit de Godlewski	Mountain Lion
暗紅色/暗赤色	1002	Löffelente	Asiatic Lion
rouge	1001	Macreuse à bec jaune	Leopard
púrpura	1004	Pipit de Godlewski	Clouded Leopard
rouge	1003	Орёл	Cougar
kohlrabenschwarz	1002	Marreca-cabocla	asiatic lion
Rouge	1001	Pipit de Godlewski	Asiatic Cheetah
Púrpura	1002	Pipit de Godlewski	Cheetah
Púrpura	1005	Орёл	MOUNTAIN LION
pechschwarz	1001	Pipit de Godlewski	Cougar
暗紅色/暗赤色	1005	Лебедь	MOUNTAIN LION
Púrpura	1003	Araqua-pintado	Asiatic Lion
Púrpura	1001	Pipit de Godlewski	asiatic lion
Red-violet	1002	Löffelente	asiatic lion
Rouge	1002	Pipit de Godlewski	Leopard
pechschwarz	1003	LÖFFELENTE	Clouded Leopard
púrpura	1002	Marreca-cabocla	MOUNTAIN LION
schneeweiß	1001	Löffelente	Mountain Lion
red-violet	1005	Pipit de Godlewski	Cougar
Orange-red	1002	Macreuse à bec jaune	Asiatic Lion
rouge	1002	LÖFFELENTE	Asiatic Lion
Orange-red	1001	Macreuse à bec jaune	Cheetah
púrpura	1005	löffelente	Cheetah
PÚRPURA	1005	Pipit de Godlewski	leopard
púrpura	1005	Pipit de Godlewski	asiatic lion
púrpura	1004	Pipit de Godlewski	MOUNTAIN LION
púrpura	1001	LÖFFELENTE	Cheetah
púrpura	1003	Silbón Europeo	MOUNTAIN LION
red-violet	1002	Macreuse à bec jaune	Leopard
kohlrabenschwarz	1005	Löffelente	Mountain Lion
Púrpura	1005	Pipit de Godlewski	leopard
púrpura	1001	Pipit de Godlewski	leopard
Púrpura	1001	löffelente	Cheetah
暗紅色/暗赤色	1003	Löffelente	Cheetah
Orange-red	1001	löffelente	Cheetah
Red-violet	1002	Silbón Europeo	Cougar
red-violet	1002	LÖFFELENTE	Asiatic Cheetah
Red-violet	1003	LÖFFELENTE	Clouded Leopard
Orange-red	1001	Pipit de Godlewski	Clouded Leopard
Red-violet	1005	Pipit de Godlewski	Clouded Leopard
red-violet	1003	Лебедь	Cheetah
暗紅色/暗赤色	1005	Marreca-cabocla	Asiatic Lion
Rouge	1001	Лебедь	COUGAR
púrpura	1004	Marreca-cabocla	asiatic lion
Púrpura	1004	Löffelente	Cougar
kohlrabenschwarz	1003	Лебедь	leopard
rouge	1003	Pipit de Godlewski	Asiatic Lion
schneeweiß	1002	Лебедь	Cheetah
Púrpura	1002	Marreca-cabocla	Mountain Lion
pechschwarz	1002	Araqua-pintado	Cougar
Púrpura	1003	Araqua-pintado	COUGAR
Púrpura	1002	löffelente	Cheetah
PÚRPURA	1003	Löffelente	Leopard
schneeweiß	1004	Орёл	Leopard
red-violet	1002	Лебедь	Mountain Lion
PÚRPURA	1005	Löffelente	Asiatic Cheetah
red-violet	1005	Marreca-cabocla	Asiatic Lion
Rouge	1003	Silbón Europeo	Cheetah
PÚRPURA	1005	Орёл	Leopard
red-violet	1003	Silbón Europeo	Asiatic Lion
kohlrabenschwarz	1004	Löffelente	COUGAR
púrpura	1004	Pipit de Godlewski	MOUNTAIN LION
schneeweiß	1005	Pipit de Godlewski	Mountain Lion
rouge	1002	löffelente	leopard
暗紅色/暗赤色	1001	Pipit de Godlewski	leopard
Rouge	1001	Лебедь	Mountain Lion
pechschwarz	1001	löffelente	Leopard
rouge	1002	Pipit de Godlewski	Leopard
rouge	1002	Macreuse à bec jaune	Mountain Lion
pechschwarz	1003	Орёл	Cheetah
Púrpura	1002	Pipit de Godlewski	Clouded Leopard
PÚRPURA	1004	Pipit de Godlewski	Cougar
red-violet	1001	Silbón Europeo	Cougar
Rouge	1002	Орёл	Clouded Leopard
kohlrabenschwarz	1001	Macreuse à bec jaune	Clouded Leopard
pechschwarz	1002	Silbón Europeo	leopard
kohlrabenschwarz	1002	Löffelente	Clouded Leopard
schneeweiß	1004	Pipit de Godlewski	Cheetah
暗紅色/暗赤色	1005	Лебедь	COUGAR
Púrpura	1005	Pipit de Godlewski	Asiatic Cheetah
PÚRPURA	1003	löffelente	MOUNTAIN LION
rouge	1001	löffelente	COUGAR
暗紅色/暗赤色	1004	LÖFFELENTE	Asiatic Lion
PÚRPURA	1003	Araqua-pintado	leopard
púrpura	1003	Pipit de Godlewski	MOUNTAIN LION
red-violet	1002	LÖFFELENTE	asiatic lion
kohlrabenschwarz	1004	löffelente	Asiatic Lion
Rouge	1002	LÖFFELENTE	leopard
PÚRPURA	1001	Pipit de Godlewski	Mountain Lion
pechschwarz	1003	Pipit de Godlewski	Cheetah
schneeweiß	1005	Macreuse à bec jaune	leopard
pechschwarz	1005	Орёл	Leopard
暗紅色/暗赤色	1003	Pipit de Godlewski	COUGAR
Púrpura	1004	Silbón Europeo	leopard
púrpura	1002	Macreuse à bec jaune	asiatic lion
Orange-red	1002	Pipit de Godlewski	Asiatic Lion
Rouge	1002	Silbón Europeo	Clouded Leopard
PÚRPURA	1001	Silbón Europeo	Cheetah
Rouge	1002	Лебедь	MOUNTAIN LION
kohlrabenschwarz	1002	Silbón Europeo	Asiatic Cheetah
PÚRPURA	1001	Marreca-cabocla	leopard
PÚRPURA	1001	Pipit de Godlewski	Asiatic Lion
schneeweiß	1003	Araqua-pintado	COUGAR
púrpura	1002	Macreuse à bec jaune	asiatic lion
Púrpura	1002	Pipit de Godlewski	Cheetah
暗紅色/暗赤色	1001	Pipit de Godlewski	Cheetah
Púrpura	1005	Silbón Europeo	Asiatic Lion
rouge	1004	Орёл	Leopard
Rouge	1002	Macreuse à bec jaune	Cheetah
kohlrabenschwarz	1003	Araqua-pintado	Mountain Lion
Rouge	1003	Marreca-cabocla	Asiatic Lion
Púrpura	1005	Pipit de Godlewski	Leopard
red-violet	1004	Pipit de Godlewski	leopard
Púrpura	1001	Лебедь	Mountain Lion
暗紅色/暗赤色	1004	Silbón Europeo	Clouded Leopard
púrpura	1003	löffelente	leopard
kohlrabenschwarz	1003	Pipit de Godlewski	Mountain Lion
PÚRPURA	1002	löffelente	COUGAR
rouge	1002	Лебедь	asiatic lion
red-violet	1002	Pipit de Godlewski	Leopard
pechschwarz	1003	löffelente	Asiatic Lion
Púrpura	1004	Löffelente	Cheetah
pechschwarz	1004	Löffelente	MOUNTAIN LION
red-violet	1003	löffelente	COUGAR
kohlrabenschwarz	1003	Лебедь	Mountain Lion
rouge	1005	Pipit de Godlewski	asiatic lion
schneeweiß	1003	Löffelente	COUGAR
Red-violet	1005	Орёл	Cougar
Púrpura	1002	Macreuse à bec jaune	Cheetah
kohlrabenschwarz	1001	löffelente	Cougar
pechschwarz	1002	löffelente	Cheetah
暗紅色/暗赤色	1001	LÖFFELENTE	Leopard
Rouge	1005	Лебедь	Leopard
Red-violet	1002	Pipit de Godlewski	Cheetah
暗紅色/暗赤色	1001	LÖFFELENTE	Cheetah
red-violet	1005	Pipit de Godlewski	Mountain Lion
schneeweiß	1005	Pipit de Godlewski	Cougar
PÚRPURA	1003	LÖFFELENTE	Asiatic Lion
kohlrabenschwarz	1005	Marreca-cabocla	Asiatic Lion
púrpura	1001	Лебедь	Clouded Leopard
暗紅色/暗赤色	1003	löffelente	Cheetah
púrpura	1001	Орёл	Cheetah
schneeweiß	1003	LÖFFELENTE	leopard
schneeweiß	1003	löffelente	Cougar
Rouge	1004	Araqua-pintado	Asiatic Cheetah
Rouge	1001	Pipit de Godlewski	Asiatic Lion
schneeweiß	1001	LÖFFELENTE	MOUNTAIN LION
PÚRPURA	1001	löffelente	Cougar
暗紅色/暗赤色	1004	Pipit de Godlewski	Mountain Lion
púrpura	1003	Araqua-pintado	Asiatic Lion
暗紅色/暗赤色	1001	Löffelente	leopard
schneeweiß	1004	Лебедь	MOUNTAIN LION
暗紅色/暗赤色	1002	LÖFFELENTE	Cheetah
schneeweiß	1001	Marreca-cabocla	COUGAR
PÚRPURA	1004	Marreca-cabocla	Cheetah
schneeweiß	1002	Silbón Europeo	Clouded Leopard
kohlrabenschwarz	1001	Лебедь	Mountain Lion
red-violet	1003	Marreca-cabocla	Clouded Leopard
Púrpura	1005	löffelente	Clouded Leopard
púrpura	1004	Löffelente	Asiatic Lion
Rouge	1002	Pipit de Godlewski	leopard
暗紅色/暗赤色	1003	LÖFFELENTE	Cheetah
PÚRPURA	1003	Silbón Europeo	Mountain Lion
Orange-red	1001	LÖFFELENTE	Asiatic Lion
rouge	1002	Macreuse à bec jaune	Asiatic Cheetah
Rouge	1005	LÖFFELENTE	Leopard
Red-violet	1004	Pipit de Godlewski	Asiatic Cheetah
schneeweiß	1002	Pipit de Godlewski	Cougar
kohlrabenschwarz	1002	Marreca-cabocla	Asiatic Lion
Rouge	1001	Araqua-pintado	COUGAR
PÚRPURA	1001	Silbón Europeo	Cougar
kohlrabenschwarz	1001	löffelente	asiatic lion
Púrpura	1005	Macreuse à bec jaune	Leopard
Púrpura	1003	Pipit de Godlewski	Leopard
schneeweiß	1004	Pipit de Godlewski	Leopard
Rouge	1005	Орёл	MOUNTAIN LION
暗紅色/暗赤色	1005	Marreca-cabocla	Cheetah
Orange-red	1005	Löffelente	Cheetah
pechschwarz	1001	Pipit de Godlewski	Leopard
schneeweiß	1003	Macreuse à bec jaune	Cheetah
pechschwarz	1001	löffelente	COUGAR
rouge	1002	Macreuse à bec jaune	leopard
schneeweiß	1005	löffelente	Leopard
rouge	1004	Pipit de Godlewski	Cheetah
暗紅色/暗赤色	1004	Pipit de Godlewski	Leopard
kohlrabenschwarz	1001	Macreuse à bec jaune	Clouded Leopard
schneeweiß	1003	Marreca-cabocla	Asiatic Cheetah
red-violet	1002	Pipit de Godlewski	MOUNTAIN LION
Red-violet	1003	Marreca-cabocla	leopard
rouge	1002	Pipit de Godlewski	Asiatic Cheetah
Púrpura	1002	LÖFFELENTE	MOUNTAIN LION
kohlrabenschwarz	1004	Marreca-cabocla	COUGAR
pechschwarz	1001	Pipit de Godlewski	Mountain Lion
暗紅色/暗赤色	1001	Pipit de Godlewski	Asiatic Cheetah
Red-violet	1001	LÖFFELENTE	COUGAR
púrpura	1002	Pipit de Godlewski	Cougar
Orange-red	1002	Araqua-pintado	leopard
rouge	1001	Лебедь	Cheetah
kohlrabenschwarz	1002	Pipit de Godlewski	leopard
Red-violet	1004	Silbón Europeo	Leopard
Púrpura	1005	Marreca-cabocla	Mountain Lion
pechschwarz	1005	Орёл	Cheetah
Púrpura	1002	Pipit de Godlewski	asiatic lion
Rouge	1004	Pipit de Godlewski	MOUNTAIN LION
púrpura	1002	Орёл	leopard
rouge	1001	Pipit de Godlewski	Mountain Lion
rouge	1003	Pipit de Godlewski	Cougar
Rouge	1004	Лебедь	Asiatic Lion
púrpura	1002	Löffelente	COUGAR
kohlrabenschwarz	1005	löffelente	Cheetah
red-violet	1001	Pipit de Godlewski	Cheetah
red-violet	1001	Лебедь	Leopard
Rouge	1001	Орёл	Mountain Lion
schneeweiß	1003	Macreuse à bec jaune	Leopard
Red-violet	1002	Macreuse à bec jaune	Mountain Lion
rouge	1004	Macreuse à bec jaune	Asiatic Cheetah
Orange-red	1002	Marreca-cabocla	Cheetah
rouge	1002	Löffelente	Asiatic Lion
Orange-red	1001	Araqua-pintado	leopard
Rouge	1002	Pipit de Godlewski	Mountain Lion
rouge	1001	Орёл	Clouded Leopard
Rouge	1001	Pipit de Godlewski	asiatic lion
Púrpura	1005	Pipit de Godlewski	MOUNTAIN LION
púrpura	1004	Pipit de Godlewski	MOUNTAIN LION
Rouge	1002	Marreca-cabocla	Asiatic Lion
schneeweiß	1005	Орёл	leopard
kohlrabenschwarz	1001	löffelente	MOUNTAIN LION
Púrpura	1004	Орёл	Cougar
Púrpura	1005	Орёл	Cougar
PÚRPURA	1004	Орёл	Cheetah
rouge	1002	Pipit de Godlewski	Asiatic Lion
Púrpura	1001	Pipit de Godlewski	Cheetah
rouge	1001	Silbón Europeo	MOUNTAIN LION
pechschwarz	1001	Macreuse à bec jaune	COUGAR
schneeweiß	1005	Pipit de Godlewski	Cheetah
pechschwarz	1001	Pipit de Godlewski	Cheetah
rouge	1001	Macreuse à bec jaune	Cheetah
Rouge	1003	Marreca-cabocla	Leopard
púrpura	1002	Pipit de Godlewski	asiatic lion
pechschwarz	1003	Marreca-cabocla	Mountain Lion
red-violet	1002	Macreuse à bec jaune	MOUNTAIN LION
schneeweiß	1002	Pipit de Godlewski	Cougar
red-violet	1002	Pipit de Godlewski	Clouded Leopard
Orange-red	1001	Silbón Europeo	Asiatic Cheetah
rouge	1004	Pipit de Godlewski	Leopard
púrpura	1002	Macreuse à bec jaune	Asiatic Cheetah
pechschwarz	1003	LÖFFELENTE	Clouded Leopard
PÚRPURA	1001	Лебедь	leopard
kohlrabenschwarz	1003	Silbón Europeo	Mountain Lion
暗紅色/暗赤色	1003	Pipit de Godlewski	Cougar
púrpura	1001	Лебедь	Cheetah
暗紅色/暗赤色	1005	LÖFFELENTE	Asiatic Lion
púrpura	1002	Орёл	MOUNTAIN LION
púrpura	1001	Silbón Europeo	MOUNTAIN LION
schneeweiß	1001	Löffelente	Cheetah
rouge	1004	Marreca-cabocla	Clouded Leopard
暗紅色/暗赤色	1002	LÖFFELENTE	Cheetah
Orange-red	1002	Орёл	MOUNTAIN LION
rouge	1003	Лебедь	asiatic lion
kohlrabenschwarz	1001	Löffelente	Cheetah
Red-violet	1003	Löffelente	MOUNTAIN LION
kohlrabenschwarz	1005	Marreca-cabocla	Leopard
púrpura	1004	Löffelente	Cheetah
Púrpura	1004	löffelente	asiatic lion
kohlrabenschwarz	1003	Pipit de Godlewski	Asiatic Cheetah
PÚRPURA	1004	Araqua-pintado	Clouded Leopard
Red-violet	1003	LÖFFELENTE	Cheetah
kohlrabenschwarz	1005	Macreuse à bec jaune	leopard
Púrpura	1001	Pipit de Godlewski	MOUNTAIN LION
púrpura	1001	Орёл	MOUNTAIN LION
red-violet	1001	Macreuse à bec jaune	asiatic lion
red-violet	1003	Löffelente	COUGAR
暗紅色/暗赤色	1005	Pipit de Godlewski	Asiatic Cheetah
kohlrabenschwarz	1004	Silbón Europeo	COUGAR
Red-violet	1004	Araqua-pintado	Cheetah
red-violet	1004	Marreca-cabocla	Cheetah
pechschwarz	1003	Araqua-pintado	Asiatic Cheetah
púrpura	1005	Pipit de Godlewski	Leopard
PÚRPURA	1005	Marreca-cabocla	Cheetah
PÚRPURA	1002	Орёл	asiatic lion
Púrpura	1004	Marreca-cabocla	asiatic lion
púrpura	1002	Pipit de Godlewski	asiatic lion
schneeweiß	1004	Pipit de Godlewski	Leopard
Púrpura	1005	Pipit de Godlewski	Asiatic Lion
schneeweiß	1004	Silbón Europeo	Cougar
Rouge	1002	Macreuse à bec jaune	Cheetah
red-violet	1005	Löffelente	Asiatic Lion
暗紅色/暗赤色	1002	LÖFFELENTE	asiatic lion
暗紅色/暗赤色	1001	Silbón Europeo	MOUNTAIN LION
púrpura	1001	LÖFFELENTE	Leopard
Red-violet	1002	Macreuse à bec jaune	Mountain Lion
PÚRPURA	1001	Лебедь	Cheetah
púrpura	1005	Silbón Europeo	Cougar
PÚRPURA	1004	Pipit de Godlewski	Mountain Lion
schneeweiß	1002	Орёл	COUGAR
Púrpura	1001	löffelente	Leopard
Orange-red	1003	Marreca-cabocla	Clouded Leopard
red-violet	1005	Silbón Europeo	Clouded Leopard
暗紅色/暗赤色	1005	Pipit de Godlewski	COUGAR
pechschwarz	1001	Pipit de Godlewski	MOUNTAIN LION
Rouge	1004	Орёл	Mountain Lion
Rouge	1004	Macreuse à bec jaune	asiatic lion
schneeweiß	1003	löffelente	Clouded Leopard
Púrpura	1005	Орёл	Clouded Leopard
PÚRPURA	1001	Macreuse à bec jaune	Cheetah
Púrpura	1002	Pipit de Godlewski	leopard
Púrpura	1005	Araqua-pintado	Mountain Lion
pechschwarz	1002	Araqua-pintado	Clouded Leopard
pechschwarz	1005	Marreca-cabocla	Asiatic Lion
púrpura	1003	Pipit de Godlewski	COUGAR
暗紅色/暗赤色	1001	Лебедь	Leopard
Rouge	1004	Löffelente	Leopard
pechschwarz	1001	Лебедь	COUGAR
Orange-red	1001	LÖFFELENTE	Mountain Lion
rouge	1005	Löffelente	Mountain Lion
púrpura	1002	Pipit de Godlewski	Asiatic Cheetah
pechschwarz	1002	Pipit de Godlewski	Asiatic Cheetah
Púrpura	1004	löffelente	Cheetah
schneeweiß	1005	Pipit de Godlewski	asiatic lion
rouge	1005	Орёл	COUGAR
rouge	1004	Araqua-pintado	leopard
pechschwarz	1003	Marreca-cabocla	leopard
暗紅色/暗赤色	1005	Pipit de Godlewski	Mountain Lion
kohlrabenschwarz	1001	Pipit de Godlewski	Cheetah
púrpura	1001	Лебедь	Clouded Leopard
red-violet	1002	Macreuse à bec jaune	leopard
PÚRPURA	1001	Орёл	MOUNTAIN LION
Rouge	1002	Araqua-pintado	leopard
pechschwarz	1002	Pipit de Godlewski	leopard
kohlrabenschwarz	1002	Pipit de Godlewski	asiatic lion
pechschwarz	1002	Pipit de Godlewski	COUGAR
red-violet	1001	Araqua-pintado	leopard
red-violet	1004	Marreca-cabocla	Cheetah
pechschwarz	1005	Marreca-cabocla	COUGAR
pechschwarz	1004	Pipit de Godlewski	MOUNTAIN LION
rouge	1004	Pipit de Godlewski	Cougar
Orange-red	1005	Marreca-cabocla	COUGAR
schneeweiß	1005	LÖFFELENTE	Mountain Lion
PÚRPURA	1002	Araqua-pintado	Leopard
Púrpura	1003	Araqua-pintado	MOUNTAIN LION
schneeweiß	1003	Löffelente	Asiatic Lion
PÚRPURA	1001	LÖFFELENTE	COUGAR
kohlrabenschwarz	1002	LÖFFELENTE	leopard
PÚRPURA	1005	Marreca-cabocla	Cougar
pechschwarz	1004	Pipit de Godlewski	Asiatic Cheetah
Púrpura	1005	LÖFFELENTE	Cheetah
Red-violet	1005	Marreca-cabocla	Leopard
Púrpura	1005	Marreca-cabocla	Cougar
púrpura	1002	Macreuse à bec jaune	Leopard
schneeweiß	1002	Pipit de Godlewski	Cougar
rouge	1001	Pipit de Godlewski	Cheetah
rouge	1004	löffelente	Cougar
PÚRPURA	1003	Araqua-pintado	MOUNTAIN LION
PÚRPURA	1004	LÖFFELENTE	Asiatic Cheetah
PÚRPURA	1004	Лебедь	Asiatic Cheetah
PÚRPURA	1002	löffelente	leopard
púrpura	1001	Pipit de Godlewski	Cougar
kohlrabenschwarz	1005	LÖFFELENTE	Asiatic Lion
Orange-red	1001	Araqua-pintado	Asiatic Lion
Orange-red	1001	Macreuse à bec jaune	asiatic lion
pechschwarz	1003	Araqua-pintado	MOUNTAIN LION
PÚRPURA	1002	LÖFFELENTE	COUGAR
púrpura	1001	Pipit de Godlewski	Mountain Lion
kohlrabenschwarz	1005	Pipit de Godlewski	COUGAR
red-violet	1004	Лебедь	Leopard
púrpura	1005	Pipit de Godlewski	COUGAR
Red-violet	1005	Marreca-cabocla	Cougar
red-violet	1005	Pipit de Godlewski	asiatic lion
rouge	1001	Орёл	COUGAR
Rouge	1002	Araqua-pintado	Mountain Lion
schneeweiß	1003	Silbón Europeo	Asiatic Lion
Púrpura	1001	löffelente	COUGAR
pechschwarz	1003	Pipit de Godlewski	Cougar
pechschwarz	1004	Pipit de Godlewski	Cheetah
púrpura	1002	Silbón Europeo	Cougar
kohlrabenschwarz	1002	Silbón Europeo	Leopard
暗紅色/暗赤色	1002	Marreca-cabocla	Leopard
rouge	1004	Marreca-cabocla	Asiatic Cheetah
Red-violet	1001	Marreca-cabocla	asiatic lion
Red-violet	1003	Macreuse à bec jaune	MOUNTAIN LION
Red-violet	1001	Löffelente	COUGAR
Púrpura	1005	Pipit de Godlewski	Leopard
kohlrabenschwarz	1001	Лебедь	Asiatic Lion
púrpura	1004	Pipit de Godlewski	Cougar
Rouge	1003	Орёл	Clouded Leopard
púrpura	1003	Araqua-pintado	Cougar
Red-violet	1002	Pipit de Godlewski	Cheetah
Púrpura	1004	Silbón Europeo	leopard
Rouge	1005	Орёл	Mountain Lion
kohlrabenschwarz	1005	Macreuse à bec jaune	Asiatic Cheetah
Orange-red	1005	Marreca-cabocla	MOUNTAIN LION
púrpura	1003	Löffelente	Cheetah
púrpura	1004	Araqua-pintado	asiatic lion
Red-violet	1003	Pipit de Godlewski	leopard
Red-violet	1002	löffelente	COUGAR
kohlrabenschwarz	1001	Pipit de Godlewski	asiatic lion
PÚRPURA	1001	Лебедь	leopard
red-violet	1002	Löffelente	Mountain Lion
púrpura	1005	Лебедь	Cheetah
schneeweiß	1003	Löffelente	leopard
kohlrabenschwarz	1004	Pipit de Godlewski	COUGAR
PÚRPURA	1001	Лебедь	COUGAR
Púrpura	1003	löffelente	Clouded Leopard
Orange-red	1001	Macreuse à bec jaune	leopard
schneeweiß	1001	Marreca-cabocla	Mountain Lion
red-violet	1002	Pipit de Godlewski	Clouded Leopard
Orange-red	1003	Marreca-cabocla	Cougar
Orange-red	1001	Macreuse à bec jaune	asiatic lion
Orange-red	1001	Araqua-pintado	Cheetah
PÚRPURA	1005	Pipit de Godlewski	COUGAR
Rouge	1004	Лебедь	MOUNTAIN LION
rouge	1003	Орёл	MOUNTAIN LION
pechschwarz	1001	Löffelente	Cheetah
schneeweiß	1005	Pipit de Godlewski	Mountain Lion
pechschwarz	1005	Araqua-pintado	Clouded Leopard
pechschwarz	1002	löffelente	Mountain Lion
púrpura	1002	Marreca-cabocla	MOUNTAIN LION
schneeweiß	1002	Pipit de Godlewski	Cougar
red-violet	1003	Macreuse à bec jaune	MOUNTAIN LION
PÚRPURA	1005	Silbón Europeo	Asiatic Lion
red-violet	1004	Macreuse à bec jaune	Cheetah
púrpura	1001	LÖFFELENTE	Cougar
Rouge	1004	Орёл	COUGAR
red-violet	1005	Орёл	Clouded Leopard
Púrpura	1005	Araqua-pintado	Mountain Lion
púrpura	1002	Pipit de Godlewski	Asiatic Lion
red-violet	1004	Marreca-cabocla	Cheetah
Orange-red	1001	Macreuse à bec jaune	MOUNTAIN LION
PÚRPURA	1002	löffelente	leopard
Púrpura	1001	Löffelente	Cougar
púrpura	1001	Орёл	asiatic lion
pechschwarz	1003	Araqua-pintado	Cheetah
schneeweiß	1002	Marreca-cabocla	Asiatic Cheetah
Púrpura	1001	Орёл	Asiatic Cheetah
kohlrabenschwarz	1002	Pipit de Godlewski	Cougar
púrpura	1005	Pipit de Godlewski	Cheetah
púrpura	1002	Pipit de Godlewski	Leopard
暗紅色/暗赤色	1004	Löffelente	asiatic lion
PÚRPURA	1004	Marreca-cabocla	MOUNTAIN LION
schneeweiß	1001	Marreca-cabocla	Clouded Leopard
PÚRPURA	1002	Pipit de Godlewski	Cougar
Púrpura	1004	Лебедь	Asiatic Cheetah
Red-violet	1001	Pipit de Godlewski	leopard
rouge	1001	Macreuse à bec jaune	COUGAR
kohlrabenschwarz	1001	Silbón Europeo	Clouded Leopard
red-violet	1002	löffelente	Cheetah
PÚRPURA	1003	Araqua-pintado	leopard
pechschwarz	1002	Silbón Europeo	leopard
púrpura	1001	Marreca-cabocla	Leopard
púrpura	1001	Лебедь	Cheetah
red-violet	1005	Silbón Europeo	Leopard
Púrpura	1005	Macreuse à bec jaune	asiatic lion
Rouge	1002	Pipit de Godlewski	Asiatic Lion
Rouge	1002	Pipit de Godlewski	MOUNTAIN LION
pechschwarz	1001	Pipit de Godlewski	leopard
Rouge	1001	LÖFFELENTE	COUGAR
Rouge	1003	Лебедь	Leopard
rouge	1005	Pipit de Godlewski	leopard
PÚRPURA	1004	Macreuse à bec jaune	asiatic lion
kohlrabenschwarz	1002	Marreca-cabocla	Asiatic Lion
暗紅色/暗赤色	1003	Pipit de Godlewski	COUGAR
pechschwarz	1003	Орёл	Leopard
Red-violet	1004	Macreuse à bec jaune	leopard
red-violet	1001	Pipit de Godlewski	COUGAR
rouge	1001	Pipit de Godlewski	asiatic lion
Red-violet	1004	Pipit de Godlewski	COUGAR
schneeweiß	1004	Marreca-cabocla	Mountain Lion
Red-violet	1001	Pipit de Godlewski	COUGAR
PÚRPURA	1003	löffelente	asiatic lion
Orange-red	1002	Лебедь	Leopard
kohlrabenschwarz	1001	Орёл	Cheetah
Rouge	1003	Macreuse à bec jaune	leopard
púrpura	1001	Silbón Europeo	asiatic lion
rouge	1003	Araqua-pintado	Asiatic Lion
Rouge	1001	Pipit de Godlewski	MOUNTAIN LION
Orange-red	1004	Лебедь	leopard
rouge	1003	Löffelente	Asiatic Lion
schneeweiß	1003	Löffelente	Asiatic Cheetah
rouge	1002	Silbón Europeo	MOUNTAIN LION
pechschwarz	1004	Pipit de Godlewski	MOUNTAIN LION
Red-violet	1001	Silbón Europeo	Asiatic Lion
púrpura	1003	Pipit de Godlewski	Asiatic Cheetah
schneeweiß	1001	Лебедь	Asiatic Lion
Púrpura	1001	Pipit de Godlewski	Clouded Leopard
red-violet	1004	Löffelente	Leopard
schneeweiß	1004	löffelente	asiatic lion
Orange-red	1002	Marreca-cabocla	Mountain Lion
PÚRPURA	1004	Лебедь	Clouded Leopard
kohlrabenschwarz	1005	Орёл	COUGAR
rouge	1002	Araqua-pintado	MOUNTAIN LION
púrpura	1004	Löffelente	Mountain Lion
PÚRPURA	1004	Лебедь	Cheetah
schneeweiß	1003	Silbón Europeo	asiatic lion
Orange-red	1003	Орёл	Asiatic Cheetah
schneeweiß	1003	Орёл	Asiatic Lion
Rouge	1005	löffelente	Asiatic Lion
kohlrabenschwarz	1004	löffelente	Cheetah
pechschwarz	1004	Лебедь	Cheetah
kohlrabenschwarz	1001	Marreca-cabocla	Clouded Leopard
schneeweiß	1003	Macreuse à bec jaune	asiatic lion
púrpura	1005	Pipit de Godlewski	Asiatic Cheetah
Orange-red	1001	Silbón Europeo	Asiatic Cheetah
暗紅色/暗赤色	1002	Pipit de Godlewski	MOUNTAIN LION
kohlrabenschwarz	1003	Pipit de Godlewski	Leopard
Púrpura	1001	Marreca-cabocla	Clouded Leopard
Orange-red	1004	Pipit de Godlewski	Cheetah
暗紅色/暗赤色	1002	Löffelente	Asiatic Cheetah
red-violet	1002	Macreuse à bec jaune	Cheetah
schneeweiß	1003	Macreuse à bec jaune	COUGAR
Orange-red	1002	LÖFFELENTE	Clouded Leopard
rouge	1004	LÖFFELENTE	MOUNTAIN LION
púrpura	1002	Орёл	MOUNTAIN LION
Púrpura	1002	Araqua-pintado	COUGAR
Púrpura	1002	Löffelente	COUGAR
red-violet	1005	Löffelente	Leopard
pechschwarz	1005	LÖFFELENTE	Cougar
Orange-red	1002	LÖFFELENTE	Mountain Lion
pechschwarz	1005	LÖFFELENTE	MOUNTAIN LION
Orange-red	1002	Marreca-cabocla	Asiatic Lion
PÚRPURA	1003	Pipit de Godlewski	Leopard
Orange-red	1005	LÖFFELENTE	Cougar
Púrpura	1001	Silbón Europeo	Asiatic Lion
暗紅色/暗赤色	1003	Silbón Europeo	MOUNTAIN LION
Orange-red	1002	Marreca-cabocla	Mountain Lion
暗紅色/暗赤色	1005	Silbón Europeo	Leopard
pechschwarz	1003	Marreca-cabocla	MOUNTAIN LION
red-violet	1002	Macreuse à bec jaune	COUGAR
schneeweiß	1003	Орёл	Leopard
rouge	1001	Silbón Europeo	Leopard
kohlrabenschwarz	1001	Marreca-cabocla	Mountain Lion
red-violet	1003	Pipit de Godlewski	Cheetah
PÚRPURA	1001	Pipit de Godlewski	Clouded Leopard
schneeweiß	1001	Löffelente	leopard
暗紅色/暗赤色	1001	Pipit de Godlewski	Leopard
rouge	1001	Pipit de Godlewski	COUGAR
Púrpura	1004	löffelente	Mountain Lion
PÚRPURA	1005	Орёл	Cheetah
púrpura	1002	Pipit de Godlewski	Cougar
schneeweiß	1003	Pipit de Godlewski	Leopard
rouge	1003	Pipit de Godlewski	COUGAR
Púrpura	1001	löffelente	MOUNTAIN LION
púrpura	1005	Pipit de Godlewski	Cheetah
Púrpura	1001	Орёл	Cheetah
schneeweiß	1001	Macreuse à bec jaune	MOUNTAIN LION
pechschwarz	1003	Лебедь	Cheetah
púrpura	1003	Araqua-pintado	Mountain Lion
PÚRPURA	1001	Pipit de Godlewski	Cheetah
Orange-red	1001	löffelente	Cheetah
暗紅色/暗赤色	1005	Löffelente	Cheetah
púrpura	1005	Pipit de Godlewski	Mountain Lion
pechschwarz	1004	löffelente	Clouded Leopard
Púrpura	1004	Pipit de Godlewski	asiatic lion
暗紅色/暗赤色	1003	Araqua-pintado	MOUNTAIN LION
Red-violet	1004	Лебедь	Cheetah
púrpura	1004	Pipit de Godlewski	Cheetah
Púrpura	1003	Marreca-cabocla	Mountain Lion
PÚRPURA	1004	löffelente	Leopard
Orange-red	1001	löffelente	Cheetah
PÚRPURA	1002	Araqua-pintado	Leopard
Red-violet	1002	Орёл	Asiatic Cheetah
red-violet	1001	Орёл	leopard
Rouge	1001	Pipit de Godlewski	Cougar
pechschwarz	1004	Орёл	leopard
暗紅色/暗赤色	1001	Macreuse à bec jaune	Mountain Lion
púrpura	1001	Araqua-pintado	Cougar
schneeweiß	1001	Орёл	Mountain Lion
暗紅色/暗赤色	1005	Araqua-pintado	Cheetah
Orange-red	1004	Löffelente	Cheetah
púrpura	1003	Marreca-cabocla	Cheetah
púrpura	1003	Pipit de Godlewski	leopard
Rouge	1002	Araqua-pintado	COUGAR
red-violet	1004	Marreca-cabocla	asiatic lion
暗紅色/暗赤色	1001	Орёл	Cheetah
PÚRPURA	1004	Macreuse à bec jaune	Leopard
red-violet	1001	löffelente	leopard
Red-violet	1001	Pipit de Godlewski	Leopard
PÚRPURA	1005	löffelente	leopard
Púrpura	1005	Pipit de Godlewski	Asiatic Lion
pechschwarz	1004	Орёл	COUGAR
schneeweiß	1004	löffelente	COUGAR
kohlrabenschwarz	1001	Macreuse à bec jaune	Cougar
rouge	1002	Pipit de Godlewski	COUGAR
暗紅色/暗赤色	1004	Лебедь	asiatic lion
kohlrabenschwarz	1002	löffelente	Asiatic Cheetah
PÚRPURA	1001	löffelente	asiatic lion
暗紅色/暗赤色	1001	löffelente	Cheetah
Red-violet	1002	Pipit de Godlewski	Cougar
púrpura	1001	Araqua-pintado	Clouded Leopard
schneeweiß	1003	Pipit de Godlewski	Asiatic Lion
Orange-red	1002	Marreca-cabocla	COUGAR
Púrpura	1002	Löffelente	Cheetah
Rouge	1001	Macreuse à bec jaune	Mountain Lion
pechschwarz	1005	Silbón Europeo	MOUNTAIN LION
Rouge	1005	Pipit de Godlewski	Mountain Lion
kohlrabenschwarz	1001	Araqua-pintado	MOUNTAIN LION
Red-violet	1005	Pipit de Godlewski	Cheetah
pechschwarz	1001	Pipit de Godlewski	leopard
暗紅色/暗赤色	1002	Орёл	Clouded Leopard
rouge	1003	Macreuse à bec jaune	Leopard
púrpura	1004	Silbón Europeo	Cheetah
PÚRPURA	1001	Pipit de Godlewski	Cheetah
Red-violet	1001	Орёл	leopard
kohlrabenschwarz	1004	Pipit de Godlewski	Cheetah
Rouge	1001	Лебедь	Asiatic Cheetah
kohlrabenschwarz	1005	Marreca-cabocla	Cheetah
red-violet	1002	Araqua-pintado	Mountain Lion
PÚRPURA	1005	Araqua-pintado	Cheetah
暗紅色/暗赤色	1004	Pipit de Godlewski	Cheetah
暗紅色/暗赤色	1002	Лебедь	asiatic lion
Púrpura	1002	löffelente	COUGAR
red-violet	1004	LÖFFELENTE	COUGAR
Orange-red	1001	Орёл	Cougar
púrpura	1005	Löffelente	Cheetah
kohlrabenschwarz	1002	Araqua-pintado	MOUNTAIN LION
pechschwarz	1001	Pipit de Godlewski	Clouded Leopard
púrpura	1005	Macreuse à bec jaune	Cheetah
pechschwarz	1003	Лебедь	COUGAR
púrpura	1001	Pipit de Godlewski	Clouded Leopard
rouge	1001	Marreca-cabocla	COUGAR
pechschwarz	1002	Macreuse à bec jaune	Asiatic Cheetah
Red-violet	1001	Pipit de Godlewski	Cheetah
púrpura	1004	Macreuse à bec jaune	asiatic lion
PÚRPURA	1001	Macreuse à bec jaune	Mountain Lion
rouge	1005	Löffelente	Clouded Leopard
Orange-red	1004	Лебедь	Cougar
kohlrabenschwarz	1005	Pipit de Godlewski	Leopard
PÚRPURA	1002	Pipit de Godlewski	COUGAR
schneeweiß	1003	Pipit de Godlewski	Mountain Lion
pechschwarz	1002	Pipit de Godlewski	leopard
Púrpura	1004	Löffelente	Asiatic Cheetah
rouge	1005	Marreca-cabocla	Asiatic Cheetah
kohlrabenschwarz	1002	Орёл	Asiatic Lion
red-violet	1003	Marreca-cabocla	Mountain Lion
rouge	1003	Pipit de Godlewski	Asiatic Cheetah
PÚRPURA	1001	Pipit de Godlewski	Cheetah
schneeweiß	1001	Pipit de Godlewski	asiatic lion
Orange-red	1004	Araqua-pintado	Mountain Lion
pechschwarz	1004	Silbón Europeo	leopard
pechschwarz	1001	Silbón Europeo	Cougar
rouge	1003	löffelente	MOUNTAIN LION
schneeweiß	1001	Pipit de Godlewski	Leopard
kohlrabenschwarz	1004	Лебедь	leopard
Rouge	1004	Silbón Europeo	COUGAR
púrpura	1005	Лебедь	asiatic lion
Púrpura	1002	LÖFFELENTE	MOUNTAIN LION
Red-violet	1004	Araqua-pintado	Asiatic Cheetah
púrpura	1001	Marreca-cabocla	leopard
púrpura	1005	löffelente	Cheetah
pechschwarz	1005	Araqua-pintado	Cheetah
Red-violet	1003	Silbón Europeo	Cheetah
schneeweiß	1003	Araqua-pintado	Mountain Lion
暗紅色/暗赤色	1005	Löffelente	Cheetah
Red-violet	1004	Pipit de Godlewski	Cheetah
schneeweiß	1005	Araqua-pintado	Asiatic Lion
schneeweiß	1003	Löffelente	Mountain Lion
Púrpura	1001	löffelente	Mountain Lion
schneeweiß	1003	Marreca-cabocla	Mountain Lion
red-violet	1003	Pipit de Godlewski	Asiatic Lion
Rouge	1002	Pipit de Godlewski	MOUNTAIN LION
PÚRPURA	1002	LÖFFELENTE	COUGAR
kohlrabenschwarz	1003	Pipit de Godlewski	COUGAR
Rouge	1004	Pipit de Godlewski	asiatic lion
red-violet	1002	Löffelente	Mountain Lion
Púrpura	1004	Орёл	Mountain Lion
Orange-red	1004	Silbón Europeo	Cougar
Púrpura	1004	Macreuse à bec jaune	Leopard
Red-violet	1002	Macreuse à bec jaune	Cougar
kohlrabenschwarz	1003	Pipit de Godlewski	asiatic lion
暗紅色/暗赤色	1002	Löffelente	Cougar
red-violet	1003	Araqua-pintado	Clouded Leopard
PÚRPURA	1002	Silbón Europeo	COUGAR
Rouge	1002	Pipit de Godlewski	Leopard
rouge	1002	Macreuse à bec jaune	Asiatic Lion
暗紅色/暗赤色	1004	Pipit de Godlewski	Leopard
púrpura	1004	Лебедь	Asiatic Lion
Orange-red	1004	Marreca-cabocla	Asiatic Cheetah
púrpura	1004	löffelente	Cheetah
PÚRPURA	1003	Pipit de Godlewski	MOUNTAIN LION
暗紅色/暗赤色	1001	Araqua-pintado	MOUNTAIN LION
rouge	1005	Marreca-cabocla	Leopard
Púrpura	1003	Орёл	Leopard
kohlrabenschwarz	1001	LÖFFELENTE	Asiatic Cheetah
PÚRPURA	1002	Орёл	Leopard
PÚRPURA	1001	Орёл	Cheetah
Red-violet	1003	Лебедь	MOUNTAIN LION
Púrpura	1001	Löffelente	Cheetah
Orange-red	1002	Araqua-pintado	leopard
red-violet	1002	löffelente	Mountain Lion
暗紅色/暗赤色	1004	Macreuse à bec jaune	Clouded Leopard
rouge	1002	Орёл	Cheetah
Púrpura	1001	Pipit de Godlewski	leopard
Orange-red	1003	LÖFFELENTE	COUGAR
red-violet	1001	Marreca-cabocla	Asiatic Cheetah
rouge	1002	Pipit de Godlewski	Mountain Lion
schneeweiß	1002	LÖFFELENTE	Asiatic Cheetah
kohlrabenschwarz	1002	Macreuse à bec jaune	Asiatic Lion
kohlrabenschwarz	1003	Marreca-cabocla	Leopard
Rouge	1001	Löffelente	Cheetah
schneeweiß	1003	Pipit de Godlewski	asiatic lion
Orange-red	1001	Silbón Europeo	Asiatic Lion
